token,frequency
.,2959813
",",2720149
 the,2051755
 and,1510548
 to,1303686
 a,1194220
 of,1040579
 is,663735
 in,639523
:,607399
',569489
 that,488027
-,478940
s,424665
 you,412931
 for,378418
 I,354048
 with,313268
 can,311900
 as,309891
 or,285931
" """,281128
 de,271661
 it,270834
 be,261912
 on,255777
 are,239694
),217072
 The,214291
 your,191487
(,179558
 =,179371
 NAME_1,175984
 (,174412
 have,169657
 not,161772
 an,152351
"""",151873
 her,143239
 `,140717
 by,139387
ing,132119
 was,127374
 e,126049
`,125903
t,118239
m,115756
 this,113848
a,112064
 la,109393
 their,108651
 from,107542
"
*",107493
uu,107092
/,107088
i,105400
ed,104393
 used,101977
 use,98548
?,97183
 will,96613
 It,96437
 ,96301
 que,95919
"
```",95456
 but,95299
 my,94632
 has,93071
 do,92077
 other,92004
 also,91862
 more,91130
o,91087
 such,88681
!,87829
 NAME_2,87046
 This,86869
 which,86728
ar,85808
 -,85770
_,85735
 any,84889
1,83723
 they,83707
2,81945
 help,81827
 me,79991
 y,78687
 A,78666
 un,77876
 may,77722
es,76957
n,76779
re,76553
 1,76523
 data,75891
 its,75845
 his,75612
"

",75565
 she,75421
 |,74978
 at,73356
 en,72173
 about,72163
 o,71945
\,69840
>,69456
 important,68962
 if,68197
 would,67770
 he,67533
en,66245
(),66034
 ',64196
 information,62957
 2,62903
 new,62894
y,62757
  ,62738
 using,62337
 provide,61744
 model,61295
as,61237
er,60824
in,60793
 like,59635
 we,59595
 am,59047
 all,58948
os,57964
;,56529
 language,56045
"
2",55283
 para,55200
"
    ",54946
 C,54362
"
3",53848
 di,53742
 time,53692
 make,53469
e,53439
d,53028
"
",52847
b,52636
ic,52381
".""",52009
I,51654
 there,51149
 including,51111
 0,50873
 se,50358
 B,49581
 could,49293
 so,49282
 example,49281
 AI,49162
z,48944
 up,48178
"

1",48171
c,48162
3,48104
 specific,48014
 l,47833
f,47728
""",",47703
or,47611
 и,47591
 who,47446
 some,47245
 She,47224
al,47173
 how,47115
 been,46781
],46499
"

The",46369
 d,46274
 code,46200
ers,45948
"
4",45948
 {,45769
 into,45721
 had,45652
 function,45646
 them,45536
 company,45351
ation,45220
 chemical,45025
"
        ",44962
u,44833
 one,44601
an,44504
p,44483
 S,44066
it,43887
 out,43740
 need,43616
 what,43610
 M,43403
 In,43260
 no,43166
 NAME_3,43055
x,42295
 text,41949
 each,41528
 products,41480
 el,41369
 3,41239
 him,41004
S,40979
 i,40558
4,40537
 You,40496
 over,40388
 way,40331
g,39980
r,39960
""":",39867
 know,39840
h,39778
0,39734
 per,39389
 T,39184
l,39087
 different,39085
C,39062
 questions,39046
 D,38854
 P,38306
ly,37618
k,37496
"
5",37057
=,36911
 feel,36876
5,36733
 s,36688
 +,36553
le,36460
 If,36353
 were,36258
 create,36224
[,36211
 process,35913
 und,35834
 es,35802
 L,35699
 range,35663
 una,35345
 b,35242
 number,35175
is,35075
"',",35034
 He,34841
 then,34734
 when,34564
"

#",34486
ia,34430
et,34408
 F,34247
 these,34202
 well,34193
):,33977
 é,33896
able,33657
 c,33587
 t,33490
 should,33468
ir,33406
 As,33376
"

In",33249
 want,33241
ate,33181
 в,33181
 through,33161
 le,33073
 f,33013
 H,32965
 However,32940
 R,32933
"
  ",32902
 p,32779
 best,32759
id,32711
M,32637
 um,32569
 just,32386
 n,32347
at,32301
 Here,32180
 4,32106
are,31911
 file,31818
é,31749
The,31707
 They,31660
 des,31635
on,31462
 here,31386
 system,31257
 based,30958
 5,30856
 people,30820
A,30777
 work,30767
B,30666
v,30573
 [,30563
 between,30370
us,30301
P,30298
 production,30253
 while,30142
"(""",30038
 con,29979
st,29975
NAME_1,29611
 G,29580
 em,29395
T,29338
 world,29199
 high,29163
 w,28956
"),",28724
il,28657
 than,28633
 our,28597
 et,28393
D,28241
ol,28065
 many,28061
 being,27802
ine,27786
 на,27677
 body,27372
 m,27345
el,27322
 self,27221
ado,27147
self,27004
 don,26997
w,26928
 two,26886
F,26810
j,26808
 N,26794
 most,26711
 set,26364
 take,26312
 NAME_4,26264
am,26057
ll,26051
 find,25873
ant,25785
 get,25776
 value,25756
 first,25744
 various,25641
 industry,25634
 v,25475
);,25416
 where,25284
6,25260
 Python,25181
"
-",25109
 E,25066
 del,24967
 always,24878
 die,24799
L,24596
ro,24594
ity,24555
 list,24519
"=""",24496
est,24480
 possible,24468
8,24381
 uma,24355
 method,24244
ve,24122
 name,24065
to,23927
 g,23865
 10,23774
 both,23760
 include,23640
 own,23598
 da,23549
 known,23376
ra,23304
*,23296
ive,23208
 x,23059
 key,23005
 K,22869
um,22862
м,22810
"

*",22788
io,22734
 down,22690
 see,22651
"
6",22634
 understand,22591
ent,22579
ch,22518
 game,22518
"

O",22478
 able,22475
 development,22471
 ensure,22459
ie,22449
th,22430
te,22273
 com,22216
 question,22215
).,22175
 user,22150
ut,22103
 only,22092
 person,22035
"
|",22027
 good,21904
</,21901
 type,21865
 personal,21725
 re,21723
 access,21694
ist,21642
 il,21629
 como,21569
 V,21543
 learning,21500
 al,21466
 wide,21426
е,21350
ur,21330
N,21280
",""",21211
 input,21203
se,21099
"

I",21056
 ability,21054
ment,21009
 life,21003
 product,20984
ad,20912
"
""",20892
em,20850
 potential,20848
if,20766
 assist,20748
 support,20713
 answer,20696
 human,20597
""")",20574
R,20551
 let,20545
 che,20533
 est,20529
im,20523
 r,20493
 k,20483
 с,20455
 variety,20429
 sorry,20387
H,20323
 back,20187
 For,20167
	,19927
它,19909
 content,19878
 *,19876
 day,19861
ion,19731
 su,19709
 form,19670
í,19663
 control,19638
 experience,19593
ated,19586
"

NAME_1",19566
 before,19491
 der,19456
 les,19453
 O,19394
 applications,19385
 sure,19382
 W,19320
difficulty,19301
 <,19286
 los,19276
 around,19169
%,19012
per,18987
G,18950
V,18943
 following,18843
 по,18768
ations,18722
"
            ",18722
un,18655
 st,18619
ce,18538
 J,18512
 hand,18511
 services,18474
<,18439
"
import",18437
Hello,18422
 long,18370
 love,18348
ть,18346
 come,18316
 made,18279
 generate,18269
7,18252
res,18098
 needs,18021
 context,18016
 quality,17964
 zu,17961
 social,17939
ada,17915
 even,17906
 large,17901
 $,17835
9,17827
 research,17817
 We,17733
 often,17705
ies,17682
á,17672
 6,17548
 How,17523
 command,17493
 several,17454
ig,17452
 program,17411
 making,17405
 man,17385
ac,17367
 à,17347
"
}",17325
 others,17280
 8,17270
game,17262
 class,17239
end,17213
ating,17179
 por,17107
"
7",17085
 training,17075
':,17044
 pre,17031
 something,17027
ot,17013
 try,17003
 power,17003
ab,16982
ag,16946
 improve,16928
 performance,16894
 z,16824
 h,16769
ación,16753
op,16672
 values,16672
 same,16656
 ch,16629
 factors,16530
 complex,16506
 us,16489
(',16459
 не,16453
 ser,16429
ul,16427
li,16421
т,16421
 /,16404
+,16391
 current,16373
 note,16370
20,16370
 end,16332
ire,16306
 size,16304
 open,16289
 team,16259
"

As",16212
ize,16199
 still,16197
""".",16192
ized,16177
 synt,16137
 never,16107
><,16104
 strong,16079
 output,16056
div,15968
ri,15958
 start,15944
 consider,15934
"
        self",15900
 does,15889
int,15880
 please,15814
 customer,15784
 without,15739
 ou,15727
ter,15693
 impact,15679
E,15624
 sense,15618
 non,15607
python,15598
om,15593
 free,15581
 energy,15572
 pour,15568
 tasks,15542
 together,15525
ance,15463
"

S",15446
 involves,15429
 software,15408
 cannot,15382
art,15362
 part,15340
 environment,15305
 service,15187
"

It",15171
 water,15161
 today,15138
oc,15121
ato,15113
ors,15110
 sp,15104
 string,15098
 focus,15074
 object,15020
ни,14978
 found,14972
_d,14941
 anything,14923
 models,14871
 designed,14869
 These,14851
age,14811
 must,14808
00,14808
 natural,14796
ile,14787
 might,14785
 steps,14715
 response,14706
 sh,14678
ite,14675
 few,14670
 systems,14657
 ``,14591
az,14575
 helpful,14573
 knew,14565
qu,14565
 у,14564
ação,14562
ung,14550
ere,14546
й,14468
 appropriate,14466
 NAME_5,14462
н,14457
 customers,14448
 years,14444
he,14443
ó,14360
O,14324
che,14319
 available,14309
get,14303
ale,14287
ica,14279
 features,14243
ide,14242
ics,14218
 image,14215
ness,14206
ens,14193
 knowledge,14176
 better,14173
 right,14161
 off,14156
ore,14146
 health,14130
 j,14095
 allows,14092
ions,14085
"

""",14068
and,14051
 next,14047
ates,14009
 add,14000
de,13979
 \,13919
 group,13887
W,13857
 now,13857
py,13856
ne,13830
10,13793
 What,13762
ap,13739
 eyes,13720
 go,13712
 because,13693
 understanding,13642
ip,13637
 ask,13621
ure,13613
 real,13603
 change,13602
 test,13588
 das,13587
 ver,13574
 19,13561
 uses,13555
"

A",13547
 correct,13540
 Let,13540
ins,13512
 providing,13497
 comp,13477
yl,13474
 mind,13471
 project,13456
 car,13434
 provides,13420
л,13409
 unique,13371
ver,13368
 physical,13364
 against,13363
 os,13358
с,13355
},13337
X,13331
idad,13288
 hope,13244
 provided,13204
х,13189
 о,13182
 small,13179
ib,13153
 feeling,13150
ast,13093
...,13093
 technology,13086
size,13074
 sexual,13063
'),13037
 business,13013
 place,13007
 To,12989
 machine,12989
 happy,12979
verall,12974
ми,12967
iv,12927
 after,12886
hesis,12852
 said,12840
 за,12836
 Additionally,12829
 safety,12827
ли,12825
 general,12818
 say,12816
one,12816
 idea,12813
 responses,12807
ian,12798
"
8",12797
 users,12777
 result,12772
 state,12763
 run,12763
 story,12760
 materials,12755
те,12751
 field,12742
ization,12735
 co,12702
 main,12687
led,12687
 resources,12650
"
This",12631
 My,12629
 But,12607
 è,12596
 для,12589
name,12589
я,12581
 web,12578
 chemicals,12574
"

•",12553
K,12544
 typically,12535
ados,12521
ings,12475
)),12466
 trained,12465
"?""",12447
 Use,12443
 character,12442
 means,12421
 couldn,12409
 du,12403
ão,12403
 keep,12401
 Is,12377
 looking,12353
 else,12334
ical,12325
com,12313
 network,12307
 ist,12267
 sol,12252
 Z,12233
на,12213
 ==,12207
ando,12193
 :,12178
 much,12176
 individuals,12160
 called,12150
 pode,12116
 tu,12107
 import,12101
 fun,12081
 app,12071
 cause,12022
 plan,12007
 te,12004
 table,12003
 learn,11967
д,11935
 popular,11929
 inter,11909
 continue,11895
 sc,11884
ue,11878
 você,11858
iz,11847
000,11845
 las,11841
 ad,11822
 Al,11820
25,11819
 X,11806
up,11761
 difficult,11752
pt,11739
ade,11736
ет,11730
 order,11725
 compound,11704
ía,11699
      ,11692
 dis,11679
ou,11670
 things,11668
 lead,11650
 Some,11650
 7,11649
 pleasure,11634
 great,11602
 line,11594
 under,11584
 special,11576
 reaction,11574
 case,11559
ism,11553
ard,11551
 U,11526
 acid,11524
 message,11524
 during,11481
 point,11477
od,11471
 document,11469
ura,11459
"
In",11455
 respect,11437
 felt,11437
 includes,11423
 skills,11404
 market,11344
pl,11338
 play,11321
 face,11316
"
1",11302
 too,11282
 building,11270
 significant,11269
ay,11264
 further,11257
 certain,11256
ge,11246
 #,11244
и,11231
ous,11219
SSISTANT,11209
 USER,11194
 deep,11190
 future,11179
pe,11178
 St,11174
 cl,11146
 er,11117
 takes,11089
 script,11080
 behavior,11075
 check,11068
all,11047
 вы,11046
 tra,11041
ex,11025
 importante,11004
 na,10979
та,10967
"`,",10962
its,10948
 types,10945
 role,10941
ial,10936
 safe,10932
 qu,10932
 ways,10920
 clear,10918
 words,10905
"

NAME_2",10896
 application,10896
"

D",10892
 sub,10881
"],",10881
 pharm,10865
ang,10862
 light,10859
^,10823
ier,10822
"
      ",10817
 care,10815
 There,10802
 word,10791
 positive,10787
 apologize,10777
ten,10767
 food,10757
 design,10756
 meet,10750
 those,10707
 give,10700
 final,10679
ry,10642
"
#",10636
ments,10632
`.,10629
aceutical,10623
 city,10618
 simple,10616
 cost,10609
 version,10606
ium,10598
 An,10583
 experiences,10577
 individual,10576
 Sure,10569
be,10557
 level,10557
ido,10556
out,10551
let,10550
 within,10548
"

E",10541
 addition,10523
 tools,10489
 20,10488
ans,10476
 helps,10470
ator,10461
 home,10457
no,10443
ak,10435
ata,10427
ти,10421
 La,10411
 given,10405
 summary,10398
 handle,10394
 become,10388
To,10387
 another,10379
ative,10375
 every,10367
 going,10358
 approach,10347
ze,10342
 si,10340
 Re,10339
но,10332
 sources,10325
" 
",10324
 gr,10313
 computer,10308
 Ch,10304
root,10292
р,10284
 heart,10270
 lo,10268
 step,10264
 powerful,10250
в,10244
 working,10244
 look,10239
 numbers,10239
 tk,10235
 Create,10216
 accurate,10183
 management,10179
In,10177
vent,10143
 true,10140
als,10138
 event,10117
 again,10115
 une,10114
ill,10108
 9,10095
 head,10092
 Be,10086
 par,10082
og,10069
к,10059
ene,10057
 explore,10056
 necessary,10055
NAME_2,10046
|,9992
 Data,9988
 programming,9984
 trying,9962
。,9959
"
9",9952
{,9952
que,9944
 von,9941
 issues,9941
 leading,9934
 common,9928
ina,9881
ents,9875
ä,9863
 think,9857
 amount,9846
 request,9828
ability,9827
 problem,9810
 pl,9809
 ent,9738
_f,9714
set,9710
 methods,9698
 statement,9683
"
The",9669
ко,9668
 im,9657
ру,9652
 And,9638
av,9632
quality,9608
ise,9605
 hard,9604
"

P",9595
les,9585
ass,9583
 tool,9577
 Se,9562
 options,9551
ts,9537
so,9513
 security,9501
new,9499
 history,9498
 show,9490
 someone,9487
 int,9481
з,9460
 considered,9459
 color,9456
 professional,9450
ка,9446
 local,9428
ting,9420
 library,9416
ivo,9413
 ex,9412
ла,9401
ines,9385
ik,9377
ob,9368
 base,9368
ü,9367
 analysis,9357
 term,9357
As,9352
 previous,9350
 100,9345
 determine,9329
 techniques,9313
ра,9308
 pro,9303
 online,9293
 reduce,9288
 very,9286
ta,9275
 changes,9266
"
print",9264
".,",9263
 ein,9261
" 

",9256
 believe,9254
 build,9239
 install,9237
ud,9234
ice,9228
 relationship,9224
 array,9218
"
    }",9203
hen,9200
ficulty,9193
 creating,9180
 sobre,9178
 что,9163
ied,9163
 depending,9151
21,9137
 area,9126
ки,9125
 Co,9120
 multiple,9113
 fl,9106
"

    def",9101
 widely,9091
 likely,9088
 space,9079
 Please,9069
 я,9065
ost,9038
 rest,9021
ро,9014
да,8997
ain,8995
 perform,8986
Sure,8983
 follow,8973
$,8963
 NAME_6,8953
 ha,8948
 activities,8945
"

C",8944
://,8944
 search,8937
 woman,8928
Frame,8924
 date,8922
idade,8920
 related,8911
 conditions,8911
ю,8899
ary,8884
 column,8881
 goals,8873
 little,8869
 feelings,8862
"
10",8860
sh,8845
"

One",8843
19,8843
ль,8834
 source,8833
 variable,8829
azione,8823
 mais,8823
то,8810
less,8790
U,8789
ре,8765
 risk,8759
 results,8757
 pot,8756
 examples,8756
go,8755
ico,8743
 No,8737
ful,8736
ust,8734
Y,8729
 ne,8727
ell,8724
 men,8720
 relevant,8718
td,8715
 custom,8688
J,8677
 voice,8675
 male,8672
 move,8671
ons,8667
 challenges,8666
 industries,8652
Z,8642
 moment,8642
 pr,8640
lo,8611
 rate,8568
 financial,8562
 requirements,8557
 son,8555
 processing,8546
izing,8527
au,8518
的,8515
 remember,8508
 top,8496
based,8492
 identify,8484
var,8472
 12,8463
 second,8461
"
A",8460
 due,8457
time,8453
 until,8451
"

Here",8443
 De,8443
 room,8438
ures,8437
 depend,8434
12,8431
els,8428
 não,8425
ities,8424
 purpose,8418
 low,8410
me,8394
 develop,8386
 tr,8360
ida,8355
 error,8349
 nature,8349
 API,8348
 material,8346
 characters,8342
 Yes,8332
   |,8326
 vous,8322
the,8317
 video,8307
 harmful,8305
ante,8296
Here,8291
 element,8289
 respectful,8286
ered,8281
ub,8275
 actions,8258
"
                ",8256
 je,8249
ich,8247
val,8239
ants,8238
ión,8223
 offer,8221
"

B",8218
ren,8209
 task,8207
ien,8202
ple,8191
 side,8177
 situation,8172
::,8171
 left,8157
ah,8153
ach,8151
 family,8139
 vary,8132
 website,8125
ual,8118
ct,8089
 está,8088
 den,8088
 Com,8085
co,8084
 additional,8083
 created,8082
king,8077
ber,8075
"

F",8071
amente,8070
 sua,8065
></,8053
 solutions,8050
 named,8044
、,8026
 address,8022
 ready,8011
_s,7996
 elements,7977
Obj,7975
 series,7973
ai,7966
 prevent,7961
 protect,7954
 located,7952
 increase,7940
ção,7928
 update,7926
za,7921
ash,7920
__,7918
ps,7896
 presence,7893
 position,7884
"!""",7881
 avoid,7869
 ab,7862
 highly,7859
 server,7855
 total,7852
 gl,7849
();,7843
ва,7840
 artificial,7834
 eine,7833
50,7828
 а,7826
 yourself,7822
 Pro,7821
 может,7800
 ac,7789
 properties,7785
 last,7774
 kind,7773
 started,7765
 towards,7761
 starting,7754
 attention,7753
ных,7740
 player,7733
 cont,7724
 tem,7713
 platform,7713
 skin,7713
о,7710
а,7705
 store,7704
span,7704
ym,7702
_w,7698
 concept,7695
ais,7691
 format,7667
 к,7667
 taking,7664
 terms,7664
 running,7652
ros,7642
"
I",7641
 makes,7637
 returns,7637
"

To",7636
ient,7633
num,7632
 events,7627
 concerns,7625
 más,7620
，,7620
"

```",7615
 air,7608
 мо,7607
 decision,7606
amento,7604
 discuss,7600
40,7594
other,7581
の,7579
 mon,7571
//,7571
data,7568
rom,7563
 auf,7561
 Her,7560
 files,7557
 read,7547
"

T",7539
 solution,7538
ru,7533
 intelligence,7522
 offers,7520
"
<",7519
бо,7515
 three,7513
ides,7505
att,7504
 growth,7503
 kiss,7479
 red,7468
сти,7467
#,7458
act,7454
body,7452
 return,7451
 до,7445
у,7444
 women,7443
stream,7402
ow,7401
"

If",7400
inter,7389
г,7387
 qui,7384
 action,7383
 book,7381
 topics,7367
 Es,7364
 done,7362
 country,7362
 pain,7361
 processes,7360
 communication,7357
ди,7354
 success,7353
 ag,7341
 Can,7339
ling,7336
ри,7336
"

This",7335
 With,7326
 close,7325
 ma,7325
 public,7324
 full,7313
of,7309
 от,7307
 vers,7307
 began,7295
 require,7291
 did,7283
 ethical,7277
 negative,7275
 relationships,7275
cl,7274
ok,7274
"
            self",7269
 NAME_7,7266
 sentence,7257
ios,7252
 dos,7248
 desire,7245
ente,7235
 Con,7234
 friends,7231
ence,7224
ito,7220
 night,7220
add,7216
 account,7215
 structure,7212
 effective,7208
 single,7199
 commitment,7197
ox,7187
 away,7185
 job,7181
 partner,7167
adas,7164
tr,7160
 option,7155
print,7150
ж,7146
 path,7146
 GPT,7143
"
	",7141
 bit,7137
ind,7134
 Cl,7130
ción,7128
 Un,7119
con,7118
ks,7112
 environmental,7104
 random,7096
 30,7093
 att,7091
 15,7090
 как,7089
 allow,7085
 achieve,7075
 choice,7071
mente,7071
 art,7068
ke,7066
yst,7065
 present,7065
 prompt,7057
 similar,7057
 location,7057
 при,7056
 required,7048
 year,7047
ible,7042
ets,7037
indow,7025
 media,7022
"
from",7017
 seen,7007
ità,7002
 soft,7002
Q,6998
 digital,6992
 call,6988
 met,6978
"
        if",6964
 needed,6964
 algorithm,6956
form,6955
 device,6951
 imp,6944
 Le,6944
ha,6941
 av,6940
key,6935
 share,6934
 sal,6932
 harm,6926
ert,6915
ви,6912
ш,6911
"

You",6911
ло,6909
ph,6907
 gas,6907
э,6904
ные,6901
 produce,6897
ara,6894
 companies,6889
 young,6887
ci,6886
 bl,6881
 warm,6875
Yes,6866
 ob,6856
 tell,6855
"

L",6845
text,6838
 Ltd,6838
 sur,6838
my,6833
 less,6833
 short,6833
 из,6830
ord,6828
 developed,6826
 music,6826
file,6824
 .,6821
 ва,6819
 easy,6813
 having,6812
 committed,6806
 stay,6800
15,6796
 della,6785
 ra,6777
 database,6775
 community,6772
 ре,6771
 module,6770
 continues,6762
Game,6762
 write,6755
ma,6749
 inside,6745
ists,6741
 memory,6738
 u,6727
 pas,6725
 res,6723
 Sp,6723
ч,6722
не,6720
idades,6712
 beautiful,6710
izes,6707
 By,6704
red,6703
"
   ",6700
 dass,6687
 target,6685
 connection,6685
ving,6680
""">",6676
 contains,6674
 mod,6671
 goal,6663
do,6662
 United,6662
ish,6660
 meaning,6655
 works,6654
’,6651
 exploring,6651
 query,6650
 worth,6644
ake,6643
 Y,6640
 areas,6631
 efficient,6624
gr,6613
ider,6610
 En,6602
gen,6601
 preferences,6598
"

2",6594
str,6592
 whether,6591
 requires,6587
ess,6570
encia,6568
ст,6566
 China,6566
 topic,6562
 commonly,6552
use,6549
ку,6544
 window,6540
ars,6536
[',6536
 print,6533
és,6530
 responsible,6520
 higher,6516
 writing,6514
 pass,6512
line,6510
 medical,6503
 points,6503
ctions,6501
 про,6497
"

-",6496
uc,6492
ля,6487
 Sie,6483
ы,6480
ug,6475
 ro,6470
 entre,6461
 Google,6460
 When,6457
You,6450
 original,6435
 humans,6433
 since,6432
ix,6427
 maintain,6416
ния,6415
 virtual,6403
 why,6402
ione,6379
чи,6375
 Q,6372
ep,6371
 equipment,6369
ats,6368
 sun,6361
ec,6360
 pe,6343
ência,6341
 didn,6338
де,6335
 loop,6334
 ev,6326
 problems,6323
 associated,6323
nt,6323
го,6319
 sound,6319
 government,6316
 für,6313
 So,6306
 display,6301
port,6294
си,6292
 emotions,6292
 cultural,6291
 choose,6288
 images,6286
 age,6285
 Ad,6280
 sustainability,6278
 thought,6274
 reality,6274
 ge,6271
 legal,6269
 issue,6268
 reg,6267
 sent,6266
ng,6263
 assistant,6262
ت,6259
이,6258
à,6255
 dataset,6251
 quickly,6241
 view,6238
 continued,6236
 effects,6234
ric,6227
 act,6224
 study,6224
ern,6223
ador,6221
ino,6220
 ref,6217
 temperature,6217
ي,6215
ние,6215
 directory,6209
 break,6206
 treatment,6203
ft,6202
 Ex,6200
 18,6195
 course,6192
 involved,6182
ле,6180
q,6180
na,6179
可以,6169
pro,6168
 limit,6168
 Est,6163
pack,6162
 cal,6159
fe,6156
 manage,6150
 hands,6149
 complete,6148
-(,6148
 above,6148
ick,6148
во,6145
app,6144
row,6138
 World,6135
 &,6132
 trans,6129
ition,6127
 argument,6126
"

M",6123
 th,6121
une,6121
 po,6119
 times,6111
 useful,6108
 train,6093
br,6093
 functions,6085
ner,6079
 ris,6075
 conversation,6071
01,6070
va,6069
 ---,6066
 assistance,6060
 pu,6058
们,6057
ack,6056
을,6036
 beliefs,6033
 Set,6025
 со,6024
 past,6021
 details,6015
pre,6013
 mean,6010
"

        ",6007
cer,6001
 log,5999
 white,5999
 style,5998
ular,5991
 или,5988
ort,5985
 О,5983
 overall,5977
 culture,5964
 speed,5961
 hours,5961
ific,5959
 weight,5957
 engage,5954
 rather,5950
 50,5944
 dans,5942
for,5941
 desired,5939
 decisions,5934
"
	*",5933
ys,5933
 ideas,5930
 manufacturing,5921
و,5919
ме,5918
ov,5917
ved,5916
 cor,5916
 El,5913
It,5911
input,5911
 ve,5910
п,5909
 enjoy,5907
 talk,5907
 technologies,5904
 subject,5902
 Output,5900
ement,5899
Name,5898
iss,5896
 advanced,5894
zen,5892
log,5887
 Open,5882
 adjust,5881
ty,5879
nce,5876
 devices,5876
"
NAME_1",5871
 hydro,5868
 determined,5863
ime,5860
 latest,5853
 essential,5849
"
    #",5843
St,5841
 Ver,5837
 One,5835
right,5832
 promote,5832
 ar,5830
aj,5830
vers,5828
 ind,5825
 sl,5823
rop,5820
 involve,5812
 price,5809
ounds,5805
 students,5801
ek,5799
 healthcare,5796
 internet,5794
ves,5794
 doing,5791
 across,5788
 operations,5784
 port,5781
 objects,5776
 innovation,5772
_name,5771
 journey,5764
 importance,5760
 science,5759
 puede,5756
ма,5752
 ter,5748
 grow,5746
ras,5746
 basic,5736
mer,5736
ano,5735
 hair,5734
 Name,5731
_m,5730
 expression,5729
"

    ",5718
col,5717
 While,5717
ode,5711
 risks,5705
rame,5701
 remove,5700
ger,5699
75,5696
 adapt,5692
 Once,5682
ave,5682
 black,5677
 lot,5659
 got,5654
 benefits,5654
 stop,5649
 old,5649
 condition,5647
 dem,5645
 block,5642
 States,5641
ional,5635
 bi,5634
 rel,5631
her,5630
 algorithms,5630
 refers,5629
 days,5627
ée,5627
ong,5626
)-,5622
 touch,5620
 super,5610
=',5605
way,5605
we,5604
ú,5599
 16,5598
 filled,5594
Key,5594
 abilities,5594
 это,5593
 sono,5593
 Add,5589
 bring,5589
 illegal,5589
可,5584
 treat,5582
ja,5581
 mouth,5580
rit,5578
11,5569
б,5568
 marketing,5562
 >,5559
 essere,5559
 forward,5559
 war,5553
30,5550
 consistent,5546
our,5545
read,5543
 button,5541
 activity,5541
ique,5540
ari,5531
 girl,5531
 English,5528
 reactions,5523
 respond,5519
der,5516
 Chemical,5514
م,5510
 select,5508
 ap,5507
 conclusion,5505
 traditional,5496
 experienced,5496
 players,5495
https,5492
ss,5487
"

3",5479
"
    """,5472
 ich,5472
"
        return",5471
ck,5466
 lower,5465
 testing,5460
 ca,5458
 sa,5457
 items,5456
 connect,5453
を,5453
path,5453
за,5447
 strength,5446
 big,5445
 cond,5444
 money,5432
мо,5427
 visual,5425
"
d",5424
 fulfill,5422
 already,5421
 match,5419
hetic,5416
erm,5414
 Vicuna,5414
aut,5406
 mother,5401
old,5400
 cre,5396
 Define,5394
 wanted,5393
ho,5393
 children,5391
 particular,5387
 progress,5385
 rec,5383
 são,5382
 countries,5382
"
    return",5379
18,5376
met,5366
 cr,5360
же,5357
 comfortable,5356
"

So",5353
 Ar,5348
 itself,5343
ca,5339
ram,5338
 Your,5328
му,5327
 practices,5326
string,5325
 property,5321
 matter,5321
cept,5319
    ,5310
min,5309
ções,5308
ö,5307
 bar,5306
ages,5305
 mit,5299
 represent,5299
 inf,5296
 businesses,5286
 article,5282
 economic,5279
 col,5273
 heat,5270
zione,5267
ores,5266
 myself,5262
ı,5260
до,5256
cc,5254
100,5253
date,5246
 levels,5245
ane,5241
 modelo,5237
 def,5237
 getting,5235
ally,5230
 post,5230
 sum,5218
 14,5217
_id,5216
ear,5213
 ste,5207
 могу,5205
par,5201
 friend,5199
 13,5196
@,5195
ds,5194
 contact,5194
ias,5192
 reach,5189
ult,5184
 initial,5182
lor,5180
 index,5179
ethyl,5176
 limited,5170
 11,5167
 ins,5166
 taken,5163
 organization,5163
ем,5163
ering,5157
 emotional,5157
 living,5156
 practice,5154
"
{",5154
ances,5148
 canvas,5148
tern,5147
ame,5146
 patterns,5144
 pressure,5144
 society,5143
'],5142
ibility,5139
 minutes,5139
 card,5137
 fact,5135
 length,5125
 utilizz,5112
24,5112
 react,5111
ل,5110
 architecture,5108
 dé,5108
js,5107
istic,5107
 standards,5103
 ayud,5102
 sich,5098
iel,5097
endo,5096
No,5093
 enough,5091
 far,5090
14,5090
 sample,5087
 manner,5082
 gu,5082
 school,5077
 combination,5073
 loss,5073
ase,5073
]),5072
hes,5070
value,5066
 etc,5059
 sets,5057
 dist,5056
 sistema,5055
 fine,5055
ono,5054
nd,5054
ress,5051
arte,5050
und,5049
"

An",5048
 consequences,5047
 NAME_8,5042
 force,5034
_p,5032
 cos,5031
80,5030
 resulting,5025
вать,5024
 acc,5023
ven,5019
 guidance,5016
 diverse,5013
 vari,5010
AM,5007
 deeply,5005
 wait,5003
 components,5001
pr,4999
 В,4997
"
[",4986
ты,4985
_c,4981
 seek,4979
 código,4977
 =>,4976
 actual,4975
 proper,4970
 names,4967
 developing,4963
 Get,4960
 page,4958
man,4958
 sex,4956
ua,4953
22,4953
ный,4952
la,4951
 str,4951
 25,4949
 built,4939
head,4938
 dangerous,4934
 та,4934
"

Note",4927
 email,4926
ax,4923
ungen,4918
 put,4917
 established,4915
 calculate,4915
 took,4910
 seu,4909
 plus,4909
 capac,4908
 healthy,4906
 states,4904
plic,4904
lt,4899
 fear,4896
 formula,4887
atic,4885
 ever,4882
 pay,4877
 catal,4876
title,4876
 fin,4875
 groups,4875
 Qu,4874
 everyone,4874
 component,4870
 sm,4869
 fields,4861
Press,4859
 universe,4852
 Il,4852
 patient,4851
ita,4846
ux,4844
 herself,4842
 mas,4839
ча,4836
"
    <",4835
 intermediate,4834
ana,4833
 Im,4831
 track,4827
type,4827
 flow,4825
ign,4824
 Make,4824
 regular,4822
 min,4821
 background,4821
fore,4821
39,4821
like,4818
 equal,4817
 interested,4816
 sequence,4815
 describe,4815
 opportunities,4813
ff,4812
vel,4811
 clients,4810
 но,4808
oy,4807
 New,4806
23,4806
 client,4806
 inform,4805
 led,4800
 2021,4799
 everything,4796
low,4794
는,4789
ense,4789
 instead,4787
 capable,4787
igen,4786
 dark,4775
"

4",4774
main,4771
 chatbot,4769
ives,4767
].,4767
 requests,4765
Data,4764
 distribution,4761
 capabilities,4761
 Pre,4759
 convert,4756
 live,4756
ня,4754
iles,4750
 interface,4749
"
C",4746
"
assistant",4746
 ¿,4745
 oder,4742
ute,4741
 suggest,4741
 perfect,4740
 closer,4739
 dedicated,4733
 contain,4716
 Do,4716
 organizations,4716
ero,4715
 analyze,4715
 sim,4712
 то,4711
can,4710
 trust,4709
 inappropriate,4705
ا,4703
по,4702
ati,4702
 global,4702
 num,4699
 toxic,4696
га,4695
iva,4692
 feedback,4692
 consult,4690
 wild,4689
 forma,4679
()),4671
 demand,4670
ales,4670
"

NAME_3",4670
 lives,4669
 oper,4669
"

R",4667
 быть,4664
 mental,4664
 implement,4660
 express,4660
ém,4653
 expertise,4651
aciones,4651
 really,4649
 opportunity,4649
 child,4647
ited,4646
 %,4645
 center,4644
pos,4643
 particularly,4638
fl,4637
user,4637
 variables,4636
List,4632
 interest,4631
ose,4631
ر,4629
 measures,4623
 modern,4622
 gener,4619
 land,4618
 Finally,4617
"
s",4617
 э,4617
 upon,4616
 parameters,4610
 asking,4609
 languages,4605
ł,4605
_t,4602
urs,4599
ة,4594
 cu,4593
 education,4592
 cell,4590
 satisfaction,4588
 drugs,4588
 id,4587
 br,4587
pping,4586
ark,4585
"
user",4583
 efficiency,4580
 rules,4579
 trad,4571
 Check,4569
ной,4569
 once,4568
 JavaScript,4566
 investment,4563
 package,4562
"
O",4561
ID,4558
 bed,4556
hor,4554
 engaging,4552
ament,4549
sc,4547
arm,4546
 define,4545
 evidence,4545
 distance,4545
 period,4544
 qual,4543
 member,4543
 hot,4542
 secure,4541
 direct,4535
 np,4531
OS,4530
 save,4529
 behind,4529
 predict,4529
 along,4522
 reliable,4520
16,4520
 valuable,4519
ote,4516
 political,4514
 confusion,4512
 handling,4510
 specified,4509
 looked,4502
ically,4500
ui,4498
 blue,4498
being,4497
 cases,4496
 asked,4493
ination,4493
Re,4493
oo,4491
 exist,4490
 implementation,4488
 law,4488
ivos,4483
amb,4479
uring,4472
zi,4467
د,4467
rain,4467
ches,4466
 char,4464
"

H",4463
String,4461
ron,4461
 thing,4458
 row,4458
 travel,4457
 storage,4456
ning,4455
izar,4455
tre,4454
 strategy,4451
"
    if",4451
 standard,4450
ational,4450
"

  ",4449
 ri,4446
ться,4446
сть,4444
 Py,4437
ний,4437
itar,4435
 God,4433
acy,4429
"

(",4429
bl,4428
ored,4428
rif,4425
 allowing,4423
 cons,4423
 Fl,4423
è,4422
і,4422
 prop,4420
af,4417
 setting,4414
 paper,4413
enc,4410
ids,4409
 root,4409
 games,4408
&,4404
imento,4404
 poss,4403
"

[",4403
 potentially,4402
 feature,4402
ativo,4401
 Mädchen,4400
 spec,4392
"

However",4386
Button,4385
 properly,4384
 ال,4380
ici,4378
 med,4378
aw,4374
 turn,4372
 clean,4372
 Test,4370
 updated,4366
load,4366
 receive,4364
 tax,4363
 mis,4359
に,4358
atory,4357
ira,4354
 written,4351
aking,4346
 That,4344
 highest,4338
 communicate,4338
down,4337
45,4336
 y1,4331
 x2,4331
 pos,4328
mm,4327
"
  }",4326
 sentiment,4325
 interact,4324
 guidelines,4324
cre,4322
"

There",4321
 moving,4317
 об,4315
amine,4306
 aplic,4300
ened,4300
 als,4296
 fire,4296
 loved,4296
update,4296
 sie,4295
 trusted,4294
kt,4294
 utiliz,4293
ays,4292
"
        }",4289
 expected,4288
 caused,4287
 mi,4284
 HTML,4283
 JSON,4282
"
S",4281
"

//",4280
 sk,4280
は,4273
 graph,4272
 easily,4271
 instructions,4266
 accuracy,4265
 especially,4264
 y2,4264
hr,4262
 researchers,4261
 pol,4261
 advice,4259
 ground,4256
 says,4256
ock,4255
 solve,4255
df,4250
32,4250
 goes,4250
 technical,4246
ны,4245
"
P",4244
 ensuring,4239
 offensive,4239
 relax,4237
izer,4237
 det,4236
imately,4235
```,4235
 hear,4235
 kann,4233
 equation,4231
 region,4231
13,4230
 sustainable,4227
 которые,4221
의,4220
 Em,4219
 помо,4219
 pd,4219
ces,4217
result,4214
 op,4211
 Si,4208
bs,4207
 raw,4206
"
c",4205
 projects,4201
include,4199
ع,4198
je,4197
 gra,4197
 prec,4196
 Earth,4196
 starts,4195
ité,4195
 smile,4194
"
  """,4191
itor,4188
 route,4187
air,4184
car,4184
 difference,4183
ious,4181
"
    print",4181
 follows,4180
 figure,4180
by,4180
 animals,4179
arr,4176
 hold,4167
 effectively,4166
 beauty,4165
ши,4165
ве,4164
 thinking,4164
 chest,4163
 comes,4162
 audience,4162
"
E",4161
 major,4160
 damage,4158
 Therefore,4158
box,4152
 раз,4144
 cells,4142
x1,4141
 among,4140
 plot,4139
ology,4137
def,4137
ę,4135
ili,4133
 17,4132
 sind,4130
 poly,4128
 под,4128
 delle,4128
ender,4128
ined,4125
"
p",4123
canvas,4123
ser,4122
button,4121
 кон,4120
 resist,4119
 sch,4118
ç,4118
 won,4118
 breasts,4116
itas,4116
 interests,4116
 ret,4115
lich,4115
 count,4115
 mu,4113
 blood,4113
 cent,4112
"

N",4111
 adding,4109
ют,4108
 fit,4108
 bodies,4106
"...""",4099
 dest,4097
 recent,4097
 чтобы,4096
pp,4095
 aware,4095
amp,4095
 shape,4094
 vol,4091
 cat,4090
 parts,4090
 forms,4089
па,4089
 front,4089
26,4088
 larger,4088
 información,4086
 dec,4085
"
def",4083
 2023,4080
.</,4075
ulation,4075
 ball,4074
 especí,4074
67,4072
iver,4072
ного,4070
_list,4068
 columns,4066
 forest,4066
 After,4064
lu,4062
Ch,4061
reg,4061
 ass,4060
 film,4054
 breath,4052
Your,4051
 strategies,4046
 ao,4045
ome,4043
°,4039
 thoughts,4037
ending,4036
 height,4036
 Я,4035
че,4032
mical,4032
 influenced,4032
 necess,4030
 multi,4029
ε,4027
ater,4026
 informações,4024
 val,4024
 average,4021
 texto,4021
 Er,4019
What,4019
 decided,4018
 Sh,4018
 neural,4017
 industrial,4017
 deb,4016
 soon,4008
 carefully,4008
 neces,4007
"
D",4006
html,4004
 gain,3999
 label,3999
 eu,3996
 scientific,3996
ER,3994
ду,3990
 maximum,3988
 posso,3987
 pop,3986
 added,3979
 ма,3977
 regulations,3976
 primary,3971
_l,3971
 ко,3964
 normal,3964
zy,3964
 sus,3962
 spread,3960
 ir,3959
iter,3959
 cup,3958
 longer,3956
ality,3956
 identity,3955
 protection,3955
 became,3953
 alt,3953
 sales,3953
 über,3951
 dei,3948
www,3947
 tried,3946
hed,3945
():,3945
 С,3944
 explain,3938
 wrong,3937
 Me,3936
source,3935
 scene,3934
itive,3931
 growing,3930
 ра,3930
 este,3929
ется,3928
ries,3928
 mass,3927
 draw,3927
"

Please",3927
 fully,3926
anto,3925
 Windows,3923
ario,3921
ی,3920
itos,3920
ás,3919
 sit,3918
ction,3917
 з,3916
"
It",3916
 himself,3916
list,3916
 <<,3913
 members,3912
"

We",3905
px,3904
 lips,3897
_data,3897
ict,3896
json,3890
 organic,3888
ral,3885
 platforms,3885
vol,3884
 ho,3884
 mar,3883
  |,3883
 anyone,3882
ify,3880
vo,3879
 represents,3878
rig,3878
 attack,3878
 desires,3876
ным,3875
ace,3875
 д,3875
 fast,3875
 willing,3875
ices,3874
 rich,3873
 serious,3872
 cock,3872
 saw,3872
rem,3872
 influ,3869
ф,3869
 valid,3868
 review,3867
 clarify,3867
rate,3867
 square,3864
06,3862
yn,3861
 implemented,3858
 framework,3855
"
m",3855
ask,3855
 opinions,3854
 **,3853
ley,3852
 playing,3851
 honest,3850
du,3850
 },3849
 rep,3845
 audio,3845
"

5",3843
 capital,3843
oth,3840
 wie,3840
 generated,3839
 produ,3838
 nut,3836
ones,3824
inal,3820
 themselves,3819
This,3817
 send,3816
 inv,3816
 four,3815
ста,3813
сто,3813
 Take,3810
 token,3808
200,3808
 screen,3807
 estimate,3807
aling,3803
ateful,3802
 directly,3800
를,3797
 refer,3796
ste,3794
 phrase,3792
 rem,3790
 bu,3790
 sort,3787
ight,3786
 theory,3785
 Pl,3785
 ai,3784
 layer,3784
image,3783
 mat,3783
 incorrect,3782
 begin,3781
ank,3781
 gen,3780
 nicht,3779
 excited,3778
 programs,3778
 Model,3777
Ex,3777
 item,3776
ige,3775
ced,3774
 confident,3774
 incl,3774
 bus,3765
eth,3763
"

V",3763
 house,3762
 --,3759
 books,3758
ше,3757
зи,3756
 ant,3756
fer,3754
ilt,3750
 mixture,3748
 chat,3743
 legs,3743
 mode,3741
 balance,3738
"

For",3738
 SQL,3737
 doesn,3737
ges,3736
ler,3736
 cum,3735
bers,3731
жа,3730
 intent,3727
 site,3727
60,3724
 detect,3722
ration,3722
 detailed,3719
 dados,3717
 organ,3717
pped,3716
yes,3715
 unable,3714
 third,3712
 leader,3711
raz,3711
 suitable,3711
 Sch,3710
ience,3710
ą,3710
orn,3709
ener,3709
 ru,3708
net,3704
 feet,3702
 shows,3702
 student,3700
 critical,3699
 extract,3695
 dog,3695
ove,3694
"
B",3692
++,3690
bre,3689
ues,3687
"
And",3686
 conf,3685
];,3683
 causing,3682
 successful,3676
 looks,3673
 author,3673
 reputation,3671
fic,3669
        ,3668
eng,3666
term,3666
 generating,3663
 load,3663
work,3662
 status,3661
 surface,3660
men,3659
 smaller,3655
 concepts,3655
NAME_3,3654
 sensitive,3654
ification,3653
 sem,3652
 plant,3651
 came,3650
 innovative,3646
ini,3646
 più,3646
мы,3645
ции,3645
ula,3641
ards,3638
ath,3637
 sign,3636
""");",3630
125,3629
 depends,3628
 ré,3626
 sul,3625
 sleep,3625
 developers,3625
len,3615
pet,3614
ه,3610
 reducing,3610
My,3609
->,3609
 oil,3609
return,3606
 feels,3603
 door,3602
 rows,3601
 <=,3598
是,3595
 hat,3593
 sod,3591
 cada,3588
 bra,3584
 went,3581
 suggests,3580
ises,3579
 active,3578
      |,3578
 datos,3575
tt,3574
color,3573
ble,3571
 wh,3570
 diferentes,3569
 employees,3569
"
  <",3568
 созда,3568
ified,3566
 ele,3563
 boundaries,3562
iment,3559
 stress,3559
 score,3556
 stock,3554
cont,3553
 elect,3553
 creates,3553
 generally,3552
 Reg,3551
ria,3549
 focused,3548
 news,3547
ond,3546
 lines,3546
uss,3544
ć,3543
 easier,3542
 dire,3541
 foot,3541
 ones,3539
rol,3539
 fil,3532
 gender,3532
 false,3531
 visit,3530
erc,3530
here,3528
 trem,3526
ect,3524
 вам,3519
 prioritize,3516
 operating,3515
 shared,3513
 prom,3513
 speak,3513
 told,3512
 weather,3511
 agent,3510
"

        self",3509
txt,3508
ー,3508
cul,3508
 instance,3508
 release,3506
 None,3504
 зна,3504
 costs,3504
ith,3503
 laws,3501
ched,3501
 networks,3501
 puedo,3499
 Start,3498
 installed,3495
 description,3491
 throughout,3490
 fr,3487
 moaning,3487
 greater,3484
 US,3482
 answers,3481
 prote,3481
Direction,3480
inc,3478
 Th,3477
 Linux,3477
 comprehensive,3475
ama,3474
tes,3474
65,3471
 reflect,3470
cle,3470
 invest,3469
 App,3467
 finally,3466
 personality,3465
 differences,3465
28,3463
rid,3460
 town,3459
 ph,3459
17,3459
ators,3458
 facilities,3458
 death,3458
 wearing,3457
 evol,3456
ги,3456
 recommended,3456
"

En",3455
App,3454
 aut,3454
 finding,3454
position,3453
itt,3453
Pro,3453
 symbol,3452
 India,3452
methyl,3449
cy,3444
 3D,3443
 те,3438
icht,3437
File,3437
 excitement,3436
 symptoms,3435
 boy,3433
izz,3433
 drive,3431
 vida,3429
 width,3429
sub,3426
 box,3424
"
You",3423
33,3419
 engine,3418
ся,3417
ining,3416
π,3415
 inclu,3414
 mix,3413
 becomes,3413
 increased,3411
 specify,3410
ça,3410
outes,3409
mon,3407
 Instead,3405
 international,3405
 apply,3403
 ce,3403
"

But",3402
ged,3401
your,3401
Text,3400
 errors,3400
 могут,3398
 evaluate,3398
 bot,3398
Cl,3398
"
(",3398
ring,3397
が,3394
ivity,3393
 measure,3392
"


",3392
 NAME_9,3391
iente,3390
 tree,3389
There,3386
atile,3385
 factually,3384
 Print,3384
 experiment,3384
 adventure,3383
rad,3383
start,3382
ades,3380
 pres,3378
 shown,3377
 report,3376
 completely,3375
 improving,3373
 programmed,3373
 simply,3371
 respons,3371
yp,3370
itions,3369
мен,3369
inally,3368
 cross,3368
 population,3368
 stored,3365
 American,3365
 policies,3365
 existing,3364
 carbon,3362
 System,3362
True,3357
oss,3356
ен,3356
MS,3356
ь,3355
org,3355
 ti,3350
 lost,3349
 util,3348
ды,3348
64,3347
"
    for",3346
48,3346
 parameter,3346
 lenguaje,3340
 rights,3337
чь,3336
жи,3335
abil,3334
ait,3334
 regardless,3333
 drug,3333
 enter,3333
 libraries,3332
 novel,3332
 dep,3331
**,3331
gg,3329
ż,3327
 informative,3325
 establish,3324
 settings,3323
"
20",3323
bo,3322
With,3322
 24,3321
cing,3320
ility,3320
 pattern,3319
 defined,3318
 remains,3318
 attribute,3316
ifies,3315
 dictionary,3315
 insights,3313
 factor,3313
 É,3313
ely,3310
 usar,3307
indo,3306
 interactions,3306
ón,3306
 effect,3305
 nod,3305
 exp,3305
 arms,3305
test,3305
 waste,3305
 guide,3303
ink,3302
hat,3302
 affect,3302
ões,3301
med,3300
ory,3297
 synthes,3296
 recommend,3296
 arr,3296
 secret,3295
 guess,3295
 matrix,3294
"
</",3293
 beyond,3293
 lack,3290
lic,3290
icos,3289
"
                self",3288
oll,3288
 challenging,3286
са,3284
 pueden,3284
能,3284
 difficulty,3283
LA,3283
 title,3282
66,3282
 neg,3281
은,3280
iche,3280
 glad,3280
std,3279
 either,3277
 turned,3276
 All,3274
mo,3274
ases,3273
elt,3271
olog,3270
direction,3270
 Chinese,3267
 cam,3267
ree,3266
vi,3266
 suggestions,3266
 pat,3263
erate,3262
ography,3262
 ten,3262
 private,3262
ن,3260
sw,3260
 sounds,3259
 dell,3259
process,3257
 avec,3256
"

    #",3256
 generation,3255
 currently,3253
 node,3253
 cancer,3252
 cloud,3251
Com,3249
code,3248
 transform,3248
 può,3247
 learned,3247
 suas,3247
 passion,3245
 password,3243
 bas,3242
 connected,3242
ail,3241
ential,3240
array,3240
со,3237
 record,3237
 leave,3235
play,3235
 Thank,3235
output,3234
 stand,3232
"
G",3231
"

U",3230
 navigate,3230
 accurately,3229
 ChatGPT,3229
antes,3228
 played,3222
 appearance,3221
ush,3220
idos,3220
 privacy,3216
我,3215
ima,3215
"
		",3215
ح,3212
 использовать,3211
_path,3209
ك,3206
ertain,3204
 animal,3203
 letter,3203
"
T",3198
 dev,3196
 bet,3195
 Dif,3194
eta,3193
 slowly,3193
 principles,3191
ер,3189
ifying,3189
 green,3189
 constantly,3189
йте,3188
"
11",3186
 professionals,3183
 Could,3183
ga,3183
 werden,3182
 Die,3181
 phone,3180
cción,3178
 seems,3177
 party,3176
 edge,3175
 Mon,3174
ories,3174
 colors,3173
 tight,3172
place,3172
 utilis,3172
зо,3170
 reasons,3170
ms,3170
Date,3170
 modify,3169
 também,3168
ication,3166
 quant,3166
 arch,3164
 limitations,3163
 arguments,3160
 hardware,3160
ridine,3160
_size,3159
light,3156
 aus,3156
 podem,3155
 minimize,3154
iled,3152
iques,3151
 quest,3146
 brand,3144
 movie,3144
ora,3142
width,3142
 provider,3139
 ID,3137
 movement,3135
 ajud,3134
 garant,3134
 equ,3133
 votre,3133
 precis,3131
 translation,3130
odo,3129
ista,3127
 messages,3127
 einen,3127
 sin,3126
лен,3123
 creative,3123
aria,3119
ision,3117
fen,3116
"
          ",3116
back,3114
qui,3112
ots,3112
 challenge,3111
ena,3110
over,3107
 configuration,3106
opy,3104
 correctly,3104
cent,3103
 outside,3103
 который,3101
ony,3099
 board,3097
 Microsoft,3097
 Am,3096
 valor,3096
 aspect,3095
 technique,3095
 micro,3094
 gently,3094
 fall,3093
 early,3093
 Des,3091
 tempo,3090
ites,3090
sp,3089
year,3088
 pandas,3088
ole,3088
 inc,3087
 ur,3087
().,3087
adores,3086
OG,3086
 Oh,3085
 40,3084
ls,3083
 yet,3082
 alone,3081
Con,3079
anc,3078
 aspects,3077
ont,3077
 mentioned,3077
ery,3076
 console,3075
Thank,3075
ging,3075
left,3074
amm,3074
 strange,3072
 bo,3072
 alle,3072
((,3071
 stroke,3069
 trip,3068
 carried,3068
03,3068
ext,3067
 founded,3067
 leg,3067
ров,3067
 click,3066
 entire,3066
IN,3065
 ت,3064
 haz,3064
한,3064
 modo,3063
 suis,3063
ます,3062
ство,3060
rie,3059
 diet,3058
 whole,3057
 Cre,3057
AN,3056
_file,3055
oi,3055
 workers,3055
 separate,3055
Al,3054
 changing,3054
ér,3053
чно,3052
 И,3052
 situations,3051
 flex,3050
 seg,3049
LM,3049
 slow,3049
で,3048
Right,3048
ту,3046
 г,3046
 ви,3045
 py,3045
';,3044
 driving,3044
27,3044
roll,3042
" 
-",3042
eren,3039
][,3039
 som,3038
cur,3037
 Por,3035
 policy,3034
ál,3033
 trends,3030
 direction,3028
 heard,3028
 tre,3026
 esc,3025
 filter,3025
 brain,3025
 becoming,3024
ке,3021
 //,3020
ops,3019
board,3018
ively,3018
ben,3014
 copy,3014
 font,3014
 economy,3014
 metal,3013
');,3012
ج,3011
pon,3011
 week,3011
 iter,3007
hi,3005
 contribute,3004
 vis,3003
 influence,3003
 least,3002
 vector,2999
enz,2998
 efic,2998
тель,2997
 Red,2996
"
F",2994
da,2993
ações,2991
 Then,2991
？,2990
"
    {",2990
"
    def",2989
い,2989
77,2988
 60,2988
 favor,2987
inated,2986
ST,2983
 container,2982
 host,2982
 distrib,2982
 و,2981
 infrastructure,2981
 Go,2981
aro,2979
에,2979
 á,2978
 vast,2976
meth,2974
FT,2974
 enc,2974
_button,2974
 predictions,2972
тов,2972
xide,2971
bit,2971
 income,2971
 во,2970
 appears,2969
 е,2968
 tips,2967
 Web,2966
 produced,2966
 disease,2965
day,2964
 reached,2962
вы,2960
icher,2960
 flu,2958
ñ,2958
"
b",2957
 familiar,2957
 section,2956
 Despite,2954
 ingredients,2952
·,2952
 anti,2948
mat,2948
 weak,2948
while,2948
 ed,2947
 intense,2947
ées,2946
"
12",2945
 complexity,2944
imate,2942
 ¡,2942
 unter,2939
 race,2939
amos,2935
 budget,2934
ild,2933
 updates,2933
model,2932
 followed,2932
 planet,2931
 trade,2929
AT,2928
idas,2927
 lay,2927
 Dis,2927
 penis,2926
ening,2925
 favorite,2924
 lived,2923
 Power,2923
 situ,2922
 win,2921
 fight,2920
 truly,2920
"
const",2919
ull,2918
 Just,2917
 dream,2917
find,2917
 hidden,2916
 walk,2915
чения,2913
 lí,2911
plot,2910
 други,2909
 500,2909
 climax,2908
 Sc,2908
create,2908
 monitor,2908
 crucial,2908
append,2907
ей,2906
ende,2905
icas,2904
 pero,2903
 discover,2902
ils,2902
 Our,2901
 characteristics,2901
 Ele,2899
pace,2898
esto,2896
 engineering,2896
습니다,2895
 reading,2895
 cool,2894
reat,2894
"
df",2893
 ка,2892
label,2891
 capt,2891
 speech,2890
 Res,2890
ще,2890
 recognize,2889
ming,2888
 maintaining,2886
 At,2885
ства,2884
 received,2884
itude,2883
нии,2882
ários,2882
vis,2877
friendly,2877
 mult,2876
ables,2875
gu,2873
 ded,2873
 imm,2873
 lose,2872
Up,2871
 gest,2871
 dress,2871
 sweet,2870
 held,2870
uto,2870
 renewable,2870
 month,2869
 finds,2869
 лю,2868
aring,2867
 promoting,2867
 increasing,2865
 uns,2864
ital,2863
α,2861
uer,2861
""";",2859
 actually,2859
En,2858
 eye,2856
 purposes,2855
 fe,2855
 strive,2853
 также,2851
 Inc,2848
â,2845
 conflict,2843
 faster,2842
rag,2841
class,2840
ward,2839
 auch,2837
item,2837
 Ent,2837
 Art,2836
 capture,2835
po,2834
bling,2834
"

def",2833
era,2832
 wear,2831
 od,2831
 knows,2827
GO,2827
 nothing,2826
 default,2825
 dispon,2825
 cast,2824
 sont,2824
 mission,2823
asy,2821
 GPU,2818
ры,2817
 helped,2817
 ajudar,2817
 structures,2815
 div,2813
 cleaning,2813
 пере,2811
 million,2810
ried,2809
 clothing,2809
 fix,2808
щи,2808
 être,2807
 realized,2806
 م,2804
 studies,2803
 serve,2800
actor,2799
 mag,2799
 websites,2799
 magic,2799
 psychological,2797
 transfer,2797
 alpha,2797
rim,2796
action,2795
 appreciate,2795
 Vis,2794
 effort,2794
ior,2794
 pa,2790
ulate,2790
enza,2789
reb,2788
 Ap,2788
not,2788
 Don,2788
 utilizar,2786
 advantage,2786
 vo,2783
event,2783
ince,2782
 meeting,2781
 download,2779
 mejor,2778
 removed,2775
onic,2774
 Text,2772
 exact,2772
 tener,2771
 scenario,2771
ب,2769
 void,2769
ola,2769
ными,2768
util,2768
level,2767
trained,2767
 coming,2766
س,2764
 volume,2764
object,2763
 пред,2762
 pet,2761
 species,2761
 stream,2760
 cri,2760
 camera,2760
 Trans,2759
 hay,2759
rific,2756
 mobile,2755
가,2754
 fat,2754
off,2753
 computing,2751
 communities,2750
bar,2750
amiento,2750
We,2750
 collection,2749
 contract,2748
 perspective,2746
 specifically,2746
 His,2744
 sens,2743
"
t",2741
 conc,2740
 traffic,2740
34,2740
 sensation,2739
 sou,2738
 passed,2738
ka,2738
 pou,2738
 sea,2735
 permit,2735
 relatively,2733
 places,2730
"
       ",2730
MP,2730
example,2729
 press,2729
 okay,2728
 responsibility,2727
ton,2727
 signal,2727
ared,2727
 formation,2726
Un,2726
 portfolio,2725
ht,2724
 experiencing,2724
ция,2724
rer,2723
"""]",2722
 improved,2721
 interesting,2721
random,2720
ét,2720
 Gr,2718
"
    
    ",2718
 replace,2717
 Ult,2717
 hacer,2716
ço,2716
 efforts,2710
不,2710
ür,2709
Id,2709
Item,2708
 female,2707
 videos,2707
 Ne,2705
 pur,2705
ET,2705
 plans,2703
 intended,2702
 military,2701
 beach,2700
di,2699
 terminal,2699
сь,2699
се,2699
 ahead,2698
 careful,2697
--,2697
 +=,2696
 compared,2696
ствен,2694
 peut,2694
"

When",2693
 planning,2693
 smooth,2692
 War,2692
"
for",2691
 atmosphere,2691
ques,2689
 orgasm,2689
Value,2689
 usually,2687
 allowed,2686
 integer,2686
entry,2685
"
f",2684
 fort,2683
 walked,2679
 watch,2679
å,2678
 fill,2677
eral,2677
book,2676
 Game,2676
 trading,2676
column,2676
 tour,2675
chen,2673
 ме,2673
 master,2672
 transportation,2672
 encourage,2670
▌,2670
 operation,2670
 expand,2670
37,2668
 nodes,2667
 described,2667
world,2666
 melhor,2666
ann,2666
yd,2666
 song,2666
 career,2665
 famous,2664
 unit,2663
cher,2663
 wird,2663
 sw,2662
 solar,2661
 Man,2660
 prof,2660
 seeking,2659
 occur,2659
 climate,2658
 fingers,2656
 ancient,2656
run,2655
 있,2653
 exposure,2653
 rend,2653
 dry,2652
unt,2651
gi,2651
ق,2649
 French,2648
 ess,2648
_label,2648
User,2647
 mem,2646
бы,2644
 standing,2642
 cur,2642
 beta,2641
ную,2640
 conver,2638
 firm,2638
uf,2638
CT,2637
ares,2637
 historical,2637
 skilled,2636
own,2635
 moral,2635
 го,2634
 mo,2634
 reason,2633
 managing,2633
 au,2632
 caus,2629
hy,2629
elle,2628
ican,2628
 solid,2627
GPT,2626
tra,2625
 dim,2625
 nu,2623
ights,2619
AI,2619
ange,2619
 forget,2617
ieren,2617
uy,2617
 ?,2617
 seemed,2616
 prompts,2615
 Int,2614
udo,2613
 piece,2613
 수,2612
 200,2611
 tend,2610
ld,2610
rest,2608
ude,2608
 können,2608
 supply,2607
гру,2607
 anal,2607
 ejemplo,2607
public,2607
wn,2606
 detail,2603
api,2603
 True,2603
La,2601
draw,2601
 ci,2600
 era,2600
"
            '",2599
 Amazon,2598
 dan,2598
 disso,2597
acc,2597
ken,2595
 released,2594
fit,2594
 later,2593
Py,2593
uz,2589
itation,2586
 spent,2583
agem,2582
 NAME_10,2582
view,2581
ills,2581
 wet,2580
char,2580
 amounts,2579
ples,2578
oph,2577
 exemplo,2577
osa,2577
"
13",2576
una,2576
	7,2576
 spiritual,2575
 divers,2575
 ens,2574
пи,2574
uk,2573
azioni,2572
 bright,2572
ι,2572
 quantum,2571
 conten,2571
ρ,2571
cap,2571
 ave,2570
ache,2570
 Develop,2569
side,2568
enda,2568
 objet,2566
	T,2566
imiento,2565
iser,2563
.),2562
 central,2561
emember,2560
ável,2559
"

Step",2559
 его,2558
 usage,2558
 sat,2555
GB,2554
84,2554
const,2554
 mus,2553
ention,2553
 classes,2551
fo,2551
olo,2549
 tests,2549
iet,2549
 sometimes,2549
 Ich,2549
 Je,2548
 arm,2548
 rock,2548
amin,2547
ips,2547
 todos,2547
 documentation,2547
leg,2547
zo,2547
"
14",2546
 flexible,2545
 criar,2545
 proporcion,2545
 execute,2545
 TV,2544
EN,2544
지,2543
 On,2543
 Mar,2542
"

J",2541
"
H",2540
 mol,2540
 pants,2537
 Car,2536
uch,2536
 Stay,2535
erg,2535
ifications,2535
iro,2534
"

NAME_4",2534
ν,2533
 Over,2530
jo,2530
 slightly,2529
 ли,2529
 thick,2529
 bin,2529
 mel,2528
 discovered,2527
 Les,2527
 probability,2526
gl,2525
ну,2523
 documents,2523
chloro,2523
RE,2522
 mal,2521
 domain,2519
 Inter,2519
 session,2519
 ut,2518
 prime,2518
це,2517
umb,2516
ctor,2515
 resource,2510
 truth,2509
 enjoying,2509
medi,2508
 ben,2508
oria,2507
De,2507
 core,2507
iones,2506
aging,2506
 Como,2505
uses,2503
ott,2503
 stability,2503
ency,2501
 largest,2499
atter,2499
 Its,2498
 disc,2498
 onto,2498
State,2498
utt,2497
 stories,2497
PS,2497
 null,2497
36,2497
"
W",2496
 sharing,2496
host,2496
 obtain,2495
 stands,2495
 nos,2494
	9,2494
 interpret,2492
 mine,2492
eration,2492
 solo,2491
 alla,2490
 extra,2490
ett,2489
 alg,2489
 pers,2488
nc,2488
90,2487
IT,2485
 scale,2485
ungs,2485
 sky,2484
 reference,2484
 rule,2484
ran,2483
 хо,2483
хо,2482
 expectations,2482
 defin,2482
 strings,2482
ursor,2482
 statements,2481
ound,2481
 мы,2481
rent,2479
 Te,2479
 Not,2478
 использова,2478
"
        """,2478
"
                    ",2477
uck,2475
An,2475
 optimize,2475
99,2473
 ш,2473
 bond,2472
 Based,2471
 watching,2471
 Это,2470
 keys,2469
alt,2468
den,2468
 escape,2467
 months,2466
style,2466
 이,2466
 vision,2465
 fasc,2465
ário,2464
 girls,2464
 remote,2464
 problema,2463
 fundamental,2459
 tall,2459
 watched,2459
 recommendations,2459
 robot,2458
 friendly,2457
AC,2457
 cas,2456
 excellent,2456
"
$",2456
 gi,2455
 emphas,2454
97,2454
_date,2453
point,2452
ê,2451
ily,2451
 mathematical,2450
 Ob,2450
iert,2448
 aqu,2447
index,2445
 fair,2444
 eager,2441
 comput,2441
Se,2441
 comb,2441
 LLM,2440
 ideal,2440
бе,2437
 leaving,2435
 tri,2435
 parent,2434
 push,2434
θ,2434
 Consider,2434
 sight,2433
 syntax,2432
 tipo,2432
ellen,2432
"
15",2431
 autom,2431
"
            if",2431
 compet,2430
 deploy,2430
Select,2429
"

Al",2429
 afraid,2428
 ве,2428
 AS,2428
 Du,2428
	5,2428
write,2426
query,2426
 labels,2426
 five,2425
AR,2425
Inter,2425
 office,2425
ή,2424
 village,2424
 First,2423
 Load,2422
ule,2421
 German,2420
 exercise,2420
ная,2419
 recognition,2419
 Per,2418
 mention,2416
 grown,2414
 commands,2414
   ,2413
 existence,2412
ted,2411
 France,2411
 cover,2411
weight,2409
 chance,2408
 indicate,2408
 hurt,2408
 Ab,2408
empio,2407
 dir,2407
 creation,2406
 buy,2406
Error,2406
ioni,2405
ued,2405
би,2405
clusion,2404
 themes,2404
oxy,2403
 taste,2403
 sé,2403
azine,2402
angle,2402
 podr,2401
NAME_5,2401
 High,2400
henyl,2399
ands,2399
 University,2399
 explicit,2398
 Europe,2398
 tecn,2397
 enhance,2396
 payment,2396
 developer,2396
 forne,2395
 massive,2395
 outros,2395
ف,2394
 dar,2394
 eth,2394
nte,2394
cias,2394
under,2394
 causes,2392
]:,2392
mos,2390
 peace,2387
 whatever,2386
IC,2386
 ста,2386
 monitoring,2384
arn,2383
iling,2383
 baby,2383
 expl,2381
 unethical,2381
View,2380
 mundo,2380
 aument,2379
 wind,2378
tic,2378
 representation,2378
 React,2378
 utiliza,2378
word,2378
 empty,2376
ded,2376
verse,2376
 motiv,2375
"

    //",2375
 bes,2374
 expect,2374
 IP,2374
 ide,2372
 threat,2372
AD,2371
itro,2370
uff,2370
49,2369
 conduct,2369
 Par,2368
css,2368
 м,2368
OR,2367
Time,2367
"

В",2367
script,2366
([,2364
 frame,2363
vas,2362
 informed,2362
 European,2362
 comun,2361
 closed,2361
ually,2361
 attacks,2359
 strengths,2359
For,2358
 specialized,2357
 procedures,2355
 Systems,2354
 round,2353
 var,2353
ela,2353
 effectiveness,2352
isp,2352
 да,2352
 bad,2352
 meets,2352
ij,2352
 construction,2351
 einer,2350
 functionality,2350
 conversations,2350
 fre,2350
 eat,2349
ticas,2349
 б,2348
 minor,2348
 использу,2347
 cap,2346
aten,2346
 considering,2345
 prices,2345
 spend,2343
 По,2341
 gli,2341
 tim,2341
 tag,2341
 fra,2340
 informazioni,2340
ological,2339
 joy,2338
зна,2338
Label,2337
70,2336
 included,2336
"

W",2335
 pair,2335
 South,2335
atively,2335
 Д,2333
 quite,2332
 immediately,2331
 ин,2331
mp,2331
pect,2330
 lic,2330
 constant,2329
 deal,2329
 finance,2328
 plants,2327
 staff,2327
MA,2327
case,2325
 exam,2325
 ear,2323
 equipped,2322
 views,2321
ц,2321
"
L",2321
 possibilities,2321
local,2321
 assess,2319
any,2318
 tone,2318
2023,2318
ES,2317
"

Des",2316
uras,2315
 consent,2315
 questo,2314
 appro,2314
 external,2312
 City,2312
 mistake,2312
atch,2311
 prefer,2311
 treated,2310
 checks,2310
 seus,2309
 park,2309
 Large,2309
 salt,2308
 join,2308
 battle,2308
pa,2308
 optim,2307
message,2307
 band,2306
 IT,2306
ς,2305
 nel,2305
 Android,2303
Position,2303
 config,2302
ti,2300
"
M",2299
 gro,2298
 destination,2298
pi,2297
stand,2297
 deriv,2297
 enf,2297
PL,2297
 их,2296
 permite,2294
 đ,2293
 connections,2292
ever,2292
php,2291
 Util,2291
 Part,2291
inar,2288
 зада,2288
 seem,2287
csv,2287
 df,2287
 env,2286
 exchange,2286
 walking,2284
 align,2284
orm,2283
 wave,2283
 dynamic,2282
ança,2281
 frequency,2281
 improvement,2281
ums,2281
 __,2280
 número,2279
 gibt,2279
лю,2279
open,2278
 “,2278
 adm,2278
lar,2278
 tab,2278
 hom,2278
 puedes,2278
 eventually,2277
ky,2277
wend,2277
 classification,2276
 inputs,2275
 dese,2274
lex,2273
 miss,2273
Type,2273
 transport,2271
ря,2270
 foi,2270
 Pr,2269
 arg,2269
 daily,2269
just,2267
 tables,2266
вер,2265
AS,2264
 reli,2263
 различ,2263
 logic,2262
 van,2262
 К,2261
су,2261
 Hello,2260
 pal,2260
show,2260
 selected,2260
 Bl,2260
 sup,2259
AL,2259
 trees,2259
76,2258
 underlying,2258
asing,2257
 violence,2257
change,2256
 serv,2254
ured,2254
29,2254
 father,2253
 Japanese,2253
 helping,2253
"
    //",2253
 ->,2253
 pig,2252
ature,2252
 articles,2252
ye,2251
 ol,2251
 century,2250
 road,2249
"
        #",2249
 degree,2248
 smart,2247
entes,2247
 map,2246
rs,2246
tica,2245
 obst,2245
 pan,2245
ное,2243
ption,2243
én,2241
 pessoas,2240
로,2239
echo,2239
making,2239
ş,2239
hate,2238
 cold,2237
 continu,2235
 clothes,2235
 earlier,2235
 optimization,2234
 prim,2234
خ,2233
 remain,2233
 (',2232
 pi,2232
"

class",2232
 math,2232
性,2231
어,2230
System,2230
 chain,2228
 nome,2228
 compare,2227
 nombre,2225
""",""",2225
 confidence,2224
post,2223
ша,2223
 parties,2223
 National,2220
 weights,2220
 revenue,2219
 lie,2219
Of,2218
If,2217
fol,2217
Get,2217
 tom,2217
 ми,2216
 prints,2215
 prob,2215
 stage,2215
ش,2214
itionally,2213
arch,2212
 notice,2212
 concise,2212
 Code,2211
 cut,2210
 below,2210
"},",2209
 CSV,2209
ismo,2208
 experts,2208
 pack,2208
 wonder,2206
35,2206
 caso,2205
 alternative,2205
 binary,2205
fin,2205
 NAME_11,2205
 tkinter,2205
 Under,2204
LE,2204
기,2204
 roll,2201
"

And",2200
 isso,2200
 inte,2199
 desc,2199
 static,2199
 browser,2198
 antes,2198
 teams,2198
 electric,2198
ò,2197
 knowing,2197
ires,2196
 movements,2194
 apart,2194
 internal,2194
 Word,2193
 bibli,2193
"

She",2193
 Each,2192
 producing,2190
pu,2190
 waiting,2190
 А,2190
 patients,2188
 happen,2188
"
      """,2188
 pract,2187
OK,2187
kan,2187
irst,2186
 qué,2185
78,2185
 believed,2184
 proud,2184
max,2184
 listen,2184
til,2183
лы,2182
 happiness,2182
ات,2181
 PDF,2181
ição,2181
anz,2181
하,2180
 thank,2180
 Good,2179
 middle,2179
 parte,2178
лу,2178
 closely,2177
 segur,2177
 coffee,2175
 sides,2175
isc,2174
 moan,2174
 giving,2174
elf,2173
 rub,2173
icing,2173
 aff,2172
 folder,2172
 sister,2172
 achieved,2172
 operator,2172
02,2171
리,2171
 т,2170
98,2170
 polí,2170
ية,2169
 applied,2169
 quick,2169
 constru,2168
про,2167
 данных,2166
ret,2166
[],2165
PA,2165
ends,2165
ática,2164
07,2163
aches,2163
 inst,2162
な,2162
hand,2161
ware,2161
 ment,2160
 personalized,2160
"
NAME_2",2160
NAME_4,2160
чение,2159
delete,2158
 link,2158
 stronger,2158
client,2155
 instal,2155
 pulling,2155
 depth,2154
"."",",2154
 hab,2154
 Fe,2153
 uso,2153
 stri,2152
 Gu,2152
 implementing,2151
 الم,2150
 fresh,2150
도,2150
 restaurant,2149
 talking,2149
 fictional,2149
ette,2149
_b,2149
 mes,2147
 begins,2147
する,2147
 CPU,2146
 SS,2146
iere,2146
اد,2145
 overcome,2144
 cer,2142
 vi,2140
 encontrar,2140
 mut,2140
ished,2140
sol,2140
 tut,2140
"

6",2139
 gentle,2139
Down,2139
 données,2138
 indicates,2137
 answering,2136
 cuenta,2136
unk,2136
 supports,2136
 На,2135
oid,2134
 fu,2134
гу,2133
 han,2130
 си,2130
 па,2129
 80,2129
gun,2129
flow,2129
 muscles,2129
pite,2128
 Para,2128
ee,2128
ylp,2128
 @,2128
 purchase,2127
 holding,2126
 inse,2126
 tele,2126
 Sn,2126
ص,2125
sk,2125
 changed,2125
++),2124
 worked,2123
related,2123
 Chemicals,2122
SS,2122
 curious,2122
 availability,2121
 nella,2120
бра,2118
 parents,2118
 superior,2117
iction,2117
Object,2117
ised,2116
 meant,2116
 stable,2114
 chem,2114
 decide,2114
 п,2114
 li,2113
 mer,2113
 AWS,2113
base,2113
 disposit,2113
 morning,2112
 це,2112
 Organization,2112
ン,2112
 Using,2111
 manera,2111
black,2111
 habil,2110
η,2110
CS,2109
 fazer,2109
cular,2109
 Mod,2108
 comfort,2107
 requ,2107
 attempt,2107
imal,2107
 vehicle,2106
nal,2106
 menu,2106
son,2106
ired,2105
 ongoing,2105
 liquid,2104
 21,2103
 objetivo,2102
"

<",2102
har,2101
 linear,2101
 deve,2100
 Ass,2100
ji,2100
sm,2099
	3,2099
ž,2098
 bank,2097
 overview,2097
 ke,2097
 fish,2097
 Pol,2095
 Keep,2094
 educ,2094
 missing,2093
る,2093
YS,2093
 catch,2093
"
      <",2093
iar,2092
 CSS,2092
She,2090
 ро,2090
 minimum,2089
 numpy,2088
λ,2088
 cert,2088
ali,2087
пу,2087
 bel,2087
acet,2087
 anim,2086
 Implement,2085
"
        for",2084
put,2083
 corresponding,2083
 datetime,2083
 loro,2082
 suit,2082
 comando,2082
 schedule,2081
里,2081
你,2080
But,2080
 prepared,2077
uta,2077
land,2077
 maintenance,2077
IS,2077
 queries,2077
 cho,2076
ended,2075
 Play,2075
 Choose,2075
 Cont,2074
 mess,2074
DB,2074
 Cloud,2073
 approximately,2073
 entity,2073
τ,2072
 fol,2072
ences,2071
ris,2071
üss,2070
 Ge,2070
 International,2070
 anche,2069
pan,2069
http,2069
 dia,2068
height,2068
ificar,2067
fico,2067
 practical,2067
 Если,2067
ood,2066
length,2065
ño,2065
 containing,2064
 П,2064
 assign,2064
aje,2063
 advantages,2063
 efficiently,2062
bot,2062
依,2062
 deeper,2061
 gives,2061
た,2061
CP,2061
 Sun,2060
"

if",2060
map,2060
87,2059
 List,2059
 President,2058
press,2058
38,2058
mit,2058
 manager,2058
 Well,2057
 rates,2057
Model,2056
нию,2056
sch,2055
uda,2055
oma,2055
PI,2055
 sempre,2054
"
16",2053
 более,2053
є,2052
oring,2052
current,2052
ool,2050
 exciting,2050
ew,2048
 1000,2048
 civil,2047
_string,2047
 Time,2046
 vez,2046
 hesitate,2046
 circumstances,2046
 shall,2043
 segu,2043
 grid,2042
 retrieve,2041
 mil,2040
 implications,2040
ille,2040
 balls,2040
 calculation,2039
 passing,2039
сно,2039
 ident,2039
 ing,2037
 capacity,2034
 Assistant,2034
Flow,2034
 camp,2034
 born,2034
och,2033
 grew,2033
 configure,2032
 dif,2031
 snippet,2031
 via,2030
ط,2029
"

Add",2029
ident,2028
anol,2027
 Research,2027
oro,2027
lines,2026
but,2026
AP,2025
ibil,2025
 ú,2025
 Val,2024
 tokens,2024
ются,2023
amino,2022
 offering,2022
 Lo,2021
 From,2021
 [],2019
uro,2018
05,2017
 Management,2017
 Su,2016
 aprend,2016
 late,2016
 choices,2016
ube,2015
 romantic,2015
 scientists,2014
 chicken,2014
 societ,2014
ML,2013
،,2013
hydro,2013
imm,2013
 channel,2013
 dich,2013
	4,2013
 noise,2011
 mot,2010
 continuing,2010
 physics,2009
PE,2009
"

Re",2008
pen,2008
 driver,2008
 thr,2008
iti,2008
 perspectives,2007
Le,2006
 cómo,2006
 ب,2005
ô,2005
 Technology,2004
 creatures,2003
mod,2003
04,2003
 purely,2003
 concern,2002
 finished,2001
 mét,2001
 sulla,2001
 beginning,2001
 encounter,2000
 controlled,1999
 protein,1999
 nom,1999
 stood,1998
rel,1997
 Learning,1996
wa,1996
 wealth,1996
icks,1995
 Or,1995
 jed,1994
 teach,1994
し,1993
ala,1993
 verb,1992
ns,1992
스,1992
ield,1990
CH,1990
gre,1989
 construct,1989
 yang,1989
 arte,1989
 const,1988
 Net,1988
 sell,1988
 32,1987
romo,1986
 daughter,1986
 Try,1984
"
As",1984
 accessible,1983
ians,1983
 dance,1983
фи,1983
 approaches,1983
raw,1983
 2022,1982
"
			",1982
"
17",1981
ather,1981
 haben,1981
 пре,1981
step,1980
cu,1980
 mig,1980
 persona,1978
 instruction,1978
heit,1977
fully,1977
 outras,1976
сс,1975
 outcome,1975
life,1975
ichtig,1975
 doctor,1975
neutral,1975
 função,1974
cho,1974
 numerous,1973
σ,1971
 Pract,1971
 cui,1970
That,1970
force,1969
({,1969
 wants,1969
"
plt",1969
Class,1969
mes,1969
vert,1968
•,1967
 grat,1967
 poem,1967
奇,1967
v2,1966
nesses,1966
umin,1966
 Type,1966
 detection,1966
liche,1965
DA,1965
aster,1963
rated,1962
nea,1962
 bre,1962
ğ,1962
 meaningful,1961
 delivery,1961
 23,1961
 goods,1960
55,1960
"
a",1960
 viol,1960
 phrases,1959
 π,1959
 struggling,1959
apt,1958
 official,1958
ні,1958
 outcomes,1956
 techn,1956
organ,1955
"
To",1955
ба,1955
 har,1955
PC,1955
fs,1954
 fore,1953
 Date,1952
ggi,1952
 dri,1950
 einem,1949
 positions,1949
inary,1949
 rig,1948
 exploration,1948
 traits,1948
 lem,1947
IP,1947
rar,1946
cht,1946
 activ,1946
 problemas,1946
 though,1946
 markets,1946
 torch,1946
 sein,1945
 interpre,1944
 necessarily,1944
lect,1944
 crear,1943
 Tensor,1943
 Program,1943
ו,1943
 roles,1942
 collect,1942
 assets,1941
 concent,1941
search,1941
ща,1940
avascript,1939
 soil,1939
ности,1939
person,1938
 anticip,1937
sist,1937
uri,1936
ocket,1936
ancing,1935
 nervous,1935
 credit,1934
response,1934
 modules,1934
 graphics,1934
你好,1933
 ча,1933
 grande,1933
 Human,1933
 national,1932
 searching,1932
 wife,1931
ON,1931
 competition,1931
epend,1930
 usando,1930
 particles,1929
 rise,1929
 linguagem,1929
ride,1929
emb,1929
과,1928
 cop,1928
 chart,1928
 limits,1927
"
},",1927
 embar,1927
lower,1927
 nearby,1926
 subjective,1926
ook,1926
aws,1926
 tent,1925
 Excel,1925
ì,1925
ther,1924
ese,1924
 forn,1924
este,1924
 ot,1923
 referring,1922
тельно,1922
 heavy,1921
 weapons,1921
 older,1920
ump,1920
 ang,1920
 billion,1920
 également,1919
Int,1919
 Air,1919
 floor,1919
 NAME_12,1919
 flavor,1918
 enable,1918
 len,1918
 expert,1918
 можно,1917
 reminder,1917
iness,1916
imo,1916
 28,1916
 Sub,1916
acles,1915
 moved,1915
 __init__,1914
 sn,1914
ör,1912
 prov,1911
aps,1911
 unknown,1911
 cm,1911
 Russian,1910
aux,1910
 accept,1910
 hydrogen,1910
 seconds,1909
 near,1909
 tus,1909
 Sin,1909
 empresa,1908
product,1908
)],1908
 apples,1908
 sports,1907
 discussing,1907
 matches,1907
lib,1905
ume,1905
 sig,1905
 comment,1905
void,1905
 ...,1905
 identifying,1904
Line,1904
 emp,1903
dest,1903
 Great,1903
hyd,1903
 toler,1903
 dom,1902
urre,1902
кие,1902
tico,1901
Left,1901
 exposed,1900
 país,1897
 forces,1897
cod,1896
 independent,1896
 season,1896
insert,1896
 будет,1895
 alc,1895
 Sim,1895
ß,1895
False,1895
 Fire,1895
 cham,1894
cil,1894
error,1894
Ar,1894
urities,1893
mar,1892
 executed,1892
 extension,1892
uir,1891
rat,1891
 fixed,1891
 possess,1891
sql,1891
 sitting,1891
ких,1889
 investig,1888
iff,1887
 включа,1887
 которая,1887
 hate,1887
itional,1887
 Language,1887
 styles,1887
 sugar,1887
500,1887
ele,1886
 Have,1886
 Are,1886
 [',1885
 contents,1884
iting,1884
Oh,1884
 electronic,1883
 свои,1883
Path,1883
有,1882
 loc,1881
function,1880
 Min,1880
 runs,1880
 Los,1880
efficient,1879
pat,1878
об,1878
дели,1877
 drink,1877
 collaboration,1877
 naked,1877
 checking,1876
 blog,1876
aping,1876
 hor,1876
 competitive,1875
emperature,1875
odes,1875
ном,1874
onacci,1873
"

He",1873
 dependencies,1872
 units,1872
"
18",1872
 delicious,1871
 integr,1871
wards,1870
 saying,1870
 diseases,1870
üh,1870
고,1870
 64,1870
бу,1869
 polit,1869
bi,1869
 Many,1868
ulated,1868
 fantasy,1868
"
 ",1868
keys,1868
"
        print",1868
atives,1868
53,1868
 Med,1867
 lista,1867
fica,1867
 Health,1867
"
R",1867
 comments,1866
 Att,1866
Map,1866
loride,1865
 stunning,1865
 mentions,1865
 reaches,1865
éc,1865
 surge,1865
SE,1864
 calls,1864
 hyd,1863
нима,1863
console,1862
idity,1862
！,1862
 indicating,1861
 NLP,1861
 Ind,1861
り,1861
 обра,1861
 successfully,1861
 ultimate,1858
 estud,1858
2022,1857
db,1857
 magical,1855
 commercial,1855
 ис,1855
_type,1855
rome,1854
י,1854
 М,1853
ker,1853
 motion,1853
 yield,1853
 organiz,1852
img,1851
ativa,1851
craft,1851
 lean,1850
ours,1850
 lim,1850
 reduction,1849
Т,1849
 prot,1849
 22,1849
 coherent,1848
 Germany,1848
 ihre,1848
lying,1847
" [""",1847
 Out,1847
 {',1846
 durante,1846
 expensive,1846
 hesit,1846
 explanation,1845
 hotel,1845
 Other,1845
 tells,1845
pyrid,1845
xy,1845
  #,1844
 وال,1843
 layers,1843
 histor,1842
 если,1842
 plays,1841
ulations,1840
 separ,1840
 conoc,1840
 emb,1839
orch,1839
 pull,1839
����,1839
 double,1838
ressed,1838
 machines,1838
 pip,1836
 Chat,1836
"
N",1836
estic,1836
해,1835
 happened,1835
 justice,1835
 functional,1835
 muscle,1835
sche,1835
ultural,1835
 divid,1835
ower,1834
 Apple,1834
 thread,1832
          ,1832
else,1830
cesso,1830
 therapy,1830
 tail,1830
 significantly,1830
"
//",1829
inate,1829
bin,1829
тив,1829
 vent,1829
 sau,1828
льно,1828
group,1827
illed,1827
ached,1827
 milk,1826
89,1826
dit,1826
 Col,1825
 nuclear,1825
 Expl,1824
Д,1824
 peu,1824
 70,1823
 pod,1822
 af,1821
ift,1821
"
19",1821
 является,1820
 Japan,1820
 transactions,1819
state,1819
 relacion,1819
enti,1819
 ont,1819
 speaker,1818
zie,1818
 ratio,1818
 mid,1818
인,1818
 Person,1817
 employee,1817
ASS,1817
 posit,1816
 wash,1816
 focuses,1815
 escol,1815
нения,1815
 wir,1815
 Now,1815
iop,1815
 consciousness,1815
 regul,1814
ately,1814
 cultures,1813
ny,1813
こと,1813
h1,1812
acks,1812
 amazing,1812
 есть,1812
version,1812
 mort,1811
 neutral,1811
generate,1811
 modeling,1810
 std,1810
DE,1810
 ber,1810
Head,1810
 он,1809
 converted,1809
 powers,1809
iden,1809
 nice,1809
 appear,1808
 tongue,1808
 adds,1807
 September,1807
itial,1807
 environments,1807
 jog,1806
 affected,1806
 Enc,1806
 kisses,1806
 realizar,1805
astic,1805
lichen,1805
config,1805
 modified,1804
hello,1804
 User,1804
 recursos,1803
 sites,1803
 skill,1803
ased,1803
carboxylic,1803
nen,1802
 _,1802
 moon,1802
 II,1800
ière,1800
ello,1799
 ي,1799
oca,1799
 noticed,1799
 intim,1799
č,1799
 earth,1798
RA,1797
ava,1796
ución,1796
 remaining,1796
 Social,1796
pass,1796
rio,1796
 brought,1795
));,1795
rab,1795
 Ihnen,1795
 analyzing,1795
 Non,1795
CO,1794
RO,1794
 stakeholders,1794
 covers,1793
 exhaust,1793
He,1793
hip,1792
 freedom,1792
 signific,1792
 Hand,1792
 labor,1792
 criteria,1792
 automatically,1791
ags,1791
 embarrass,1791
 cro,1790
 gar,1790
 anxiety,1790
 conhe,1790
と,1790
fall,1790
otec,1789
 facility,1788
Color,1788
 represented,1788
 May,1788
으로,1788
🔓,1788
 foods,1787
bal,1786
ère,1786
 integration,1786
пример,1786
 prepare,1783
 dispos,1783
 outputs,1783
 disappe,1783
illa,1783
background,1783
oh,1782
"
    '",1782
 fonction,1782
bind,1782
 ст,1781
 resolve,1781
ams,1780
 де,1780
 personas,1780
 pieces,1780
iqu,1779
"

After",1779
 crit,1779
ско,1778
 sentences,1777
player,1777
 broken,1776
 Indian,1776
ías,1775
 dimensions,1775
 stat,1775
 cheese,1775
 classic,1774
 distinct,1774
 laug,1774
come,1773
 aux,1773
known,1772
жно,1772
Add,1770
Res,1770
дна,1769
 computers,1769
ährend,1769
"
model",1769
적,1769
 revealing,1768
urn,1768
"[""",1767
 gre,1767
 imag,1767
Developer,1767
尼,1767
 selection,1766
奥,1766
 fac,1765
 academic,1765
ella,1765
 usu,1764
 principal,1764
 dead,1764
 gather,1763
 resolution,1763
ów,1763
 Stud,1762
 medications,1762
where,1762
 exists,1762
ni,1761
 adult,1761
 Install,1761
gan,1761
su,1761
 Bi,1761
(-,1761
 2020,1761
 males,1761
 PC,1761
 investing,1761
äch,1760
count,1759
 guard,1759
 returned,1758
ivers,1758
 convers,1757
found,1757
NN,1757
 feed,1756
NA,1755
ements,1755
 tiene,1755
 ба,1755
 Ser,1754
 determin,1754
 YouTube,1754
pm,1753
 teacher,1752
 Act,1752
 integers,1752
ilità,1751
 joke,1751
88,1751
 literature,1750
 False,1750
 pool,1749
 attract,1749
_n,1749
ancer,1749
 manipulate,1748
 Mi,1748
 strict,1747
Sh,1747
 interview,1747
server,1746
 fel,1745
lish,1745
 severe,1745
 regularly,1745
ogen,1745
ying,1744
ún,1744
 creature,1744
 ya,1744
 fuel,1743
ster,1742
 benefit,1742
 prior,1742
 completed,1741
 worry,1741
_P,1741
 manufacturer,1740
 Ant,1740
ровать,1739
 club,1739
 Company,1739
 harder,1738
är,1738
 algo,1738
table,1738
С,1737
pret,1737
 aber,1737
"

G",1737
ains,1736
 covered,1736
 san,1736
 mant,1735
 estão,1735
 reward,1735
AA,1735
Image,1735
 durch,1734
 recognized,1734
 resistance,1733
arios,1733
 Ihre,1732
 evaluation,1730
lin,1730
ilit,1730
 ampl,1729
zza,1729
rimidine,1729
 caught,1729
 Look,1728
akes,1728
zer,1728
 constraints,1728
 om,1728
values,1727
mi,1726
 fashion,1726
 template,1726
isms,1725
ś,1724
än,1724
 Both,1723
 wa,1723
 profit,1723
 pelo,1723
bed,1722
 moves,1722
 serves,1722
сы,1722
 hero,1720
iveness,1719
 OpenAI,1719
rypt,1719
grad,1718
 bem,1718
 quando,1718
ader,1717
chied,1717
Normal,1717
 так,1716
 eggs,1716
Hola,1715
 York,1715
ца,1715
 guid,1714
dis,1714
"
using",1714
 Ph,1713
спо,1713
ME,1713
 tiempo,1713
order,1713
 frust,1713
 soul,1713
一,1712
 chatbots,1712
 studying,1712
 significa,1712
has,1712
 vulnerable,1711
 medium,1711
 brothers,1710
axis,1709
 describes,1708
lim,1708
 execut,1708
 characterized,1708
 prison,1707
 camb,1707
oon,1707
от,1706
 vill,1706
password,1706
ban,1705
"
if",1705
 demonstrates,1704
 whis,1704
erse,1704
 bottom,1704
 squ,1704
 movies,1704
 dign,1703
า,1703
 ign,1702
 possib,1702
 domin,1702
aggio,1701
ifier,1700
 motor,1700
format,1700
 turns,1699
 auto,1699
"
But",1699
ising,1698
uit,1698
 produces,1697
esta,1697
 grand,1697
 charge,1697
yc,1697
chat,1695
defined,1695
 religious,1694
":"",",1694
dim,1694
ching,1693
 Process,1692
icted,1692
 wish,1692
 respir,1691
 interaction,1691
 behaviors,1691
ização,1690
"

Now",1690
"",1689
CI,1689
 poor,1688
 ride,1687
 agents,1686
 complet,1686
 Ag,1686
 bien,1685
 entities,1685
_S,1685
 URL,1685
oute,1685
Client,1685
ische,1684
ami,1684
 surrounding,1684
 obtained,1683
 jest,1683
sum,1683
Change,1683
 faced,1682
ession,1681
 Russia,1681
env,1681
rot,1680
 Next,1679
 especial,1679
rect,1679
ference,1678
split,1678
grid,1678
"

What",1677
acional,1677
_num,1676
 cycle,1676
 switch,1676
 rap,1676
 neur,1675
 intern,1675
 vit,1675
 cook,1675
ping,1675
れ,1675
 Ac,1674
 consumption,1673
 sil,1672
"
                        ",1672
 focusing,1672
 torn,1670
 Sol,1670
ki,1670
words,1670
 blockchain,1670
 все,1669
abase,1669
 agreement,1668
"(),",1668
"
x",1668
ding,1668
ba,1668
요,1668
пе,1667
 también,1667
 explor,1667
($,1667
 comm,1667
cal,1666
vari,1666
ان,1665
izado,1665
 arousal,1665
 forever,1665
 tare,1664
 calculated,1664
ause,1664
 Main,1664
 objectives,1664
 estar,1663
iler,1663
 пла,1663
тся,1662
omb,1662
:**,1662
 partners,1661
 chosen,1661
"
Output",1661
 notes,1661
 zero,1660
 vegetables,1660
 bias,1660
ocking,1659
 seguir,1659
 dataframe,1659
"'],",1659
 Science,1658
 eating,1658
 corre,1658
 occurs,1658
Hi,1658
ead,1658
 showing,1657
eds,1657
iam,1656
 chrom,1656
ο,1656
"
        '",1656
 purs,1656
зы,1655
 department,1655
 ej,1655
 satisfied,1655
 Calculate,1654
 half,1654
rap,1654
 выпол,1654
used,1653
part,1653
aries,1653
î,1652
сте,1652
 digit,1651
 Remember,1651
ource,1651
nes,1651
 gold,1651
eb,1649
äh,1649
 lat,1649
ilder,1649
 frameworks,1649
 sí,1649
 brother,1648
Qu,1647
 och,1647
 otros,1646
 Gener,1646
 arquivo,1646
 spirit,1645
 muito,1645
with,1645
 perce,1645
OT,1645
сси,1645
 circle,1645
Be,1645
 generates,1643
ete,1643
 Park,1643
 contributions,1643
 insert,1642
isation,1642
pop,1642
API,1642
68,1642
ă,1641
ruct,1641
using,1640
 Group,1640
 surrounded,1639
 pag,1639
 sorted,1639
 spark,1639
active,1639
 counter,1638
 dr,1638
'.,1637
 split,1637
 Limited,1637
 laboratory,1637
 sensations,1637
 ofere,1636
 mood,1636
 icon,1635
vere,1635
 wra,1635
 esta,1635
 pages,1634
encies,1634
 transformation,1634
mt,1633
 attraction,1633
 cards,1633
 walls,1632
 lugar,1632
 island,1632
ffective,1632
 drop,1632
And,1632
rica,1631
 Security,1631
š,1631
 ingredient,1630
 IA,1630
ار,1629
 increasingly,1629
private,1629
 supported,1628
"
        <",1628
нием,1628
nn,1628
float,1628
 plastic,1627
 hit,1626
inating,1626
 Design,1626
 humanity,1626
break,1626
 performed,1625
zz,1625
""").",1625
 Max,1625
 ease,1624
"
    public",1624
 jug,1624
inen,1624
 воз,1624
fr,1624
 engineers,1623
from,1623
Script,1622
 У,1621
").""",1621
 preparation,1620
 fitness,1620
 spaces,1620
cons,1620
 weeks,1620
드,1620
44,1619
mark,1619
 Mat,1619
 27,1619
 rot,1618
 celebr,1618
 antib,1618
 apenas,1618
 proces,1618
 nue,1618
ialog,1618
 skirt,1618
 funcion,1618
import,1618
 letters,1618
ham,1617
chn,1617
 zip,1617
arg,1616
 algumas,1615
ream,1615
95,1615
pyridine,1615
 discrimination,1614
 star,1614
 published,1614
води,1614
 cart,1613
 pick,1612
RI,1612
 medication,1612
abor,1612
 AD,1612
 category,1611
 aim,1611
 Services,1610
elling,1610
 Find,1610
 utilizando,1610
agn,1610
 inner,1609
 ses,1609
 Ein,1609
 Provide,1609
hene,1609
 passionate,1608
 representing,1608
 responding,1608
 reports,1608
command,1608
 facing,1607
IA,1607
 tro,1607
 stato,1607
 farm,1606
 explos,1605
icians,1605
ков,1605
ocker,1605
 creare,1605
0000,1604
_1,1604
"
•",1603
 stro,1602
 conv,1602
 Aqu,1602
ству,1602
 pens,1602
 compliance,1602
alls,1601
sy,1601
 yellow,1601
 layout,1601
ius,1601
 esp,1601
 packages,1600
 fare,1600
 metrics,1600
bu,1600
pare,1600
"
With",1600
 ком,1600
 бы,1599
 regions,1599
 أ,1598
amide,1598
 alcohol,1598
uls,1598
 spot,1598
 respectively,1598
 photos,1598
 abord,1598
 hour,1598
 claim,1597
 comme,1597
 nach,1597
 exactly,1597
 stim,1596
 ble,1596
56,1595
 ell,1595
arp,1594
 sett,1594
 proceed,1594
 cir,1594
 contexto,1593
нов,1593
ned,1593
 mens,1593
 clim,1592
arc,1592
Input,1591
vez,1591
cks,1591
igh,1591
 referred,1591
 embrace,1590
 courses,1590
 performing,1590
 lang,1590
jet,1589
flu,1589
 reput,1588
 waves,1588
quinoline,1588
 fam,1587
content,1587
roy,1586
iendo,1586
 PHP,1585
ность,1585
enden,1585
rum,1585
 NAME_13,1585
вой,1584
ischen,1584
infl,1583
ник,1583
 drawn,1582
nde,1582
 мето,1582
 habit,1581
 records,1581
42,1581
 cant,1581
 ку,1580
ци,1580
 fib,1580
 σ,1579
oder,1579
ED,1579
ز,1578
ronics,1578
CC,1578
Event,1578
 crime,1578
 reduced,1577
 Invest,1577
 lighting,1577
 lub,1577
seg,1577
 poder,1577
sort,1576
 Integr,1576
 regist,1576
 leaves,1576
 Tra,1576
 norms,1576
close,1575
usion,1575
Ad,1575
 Union,1575
 thrust,1575
 supplier,1574
 Б,1574
 varied,1574
izations,1574
 vend,1574
ugging,1574
 segment,1573
standing,1573
 tienes,1573
 stores,1573
 attributes,1573
enn,1573
 leadership,1572
 HTTP,1572
 repository,1572
 90,1570
 brown,1570
ã,1570
 vibrant,1569
aff,1569
ί,1569
iny,1568
check,1568
aca,1568
き,1568
idden,1568
 neck,1568
 artist,1567
В,1567
лек,1567
arse,1567
ords,1567
 consum,1566
 electrical,1566
ef,1565
 contrast,1564
ativos,1564
 Import,1563
ências,1562
 ring,1562
 todo,1561
"
  const",1561
น,1560
 propri,1559
 sor,1559
 speaking,1559
zt,1557
 comply,1557
”,1557
gar,1557
 isol,1557
itud,1557
 того,1557
 kept,1557
Size,1557
 regarding,1556
 cryst,1556
 contrib,1556
cor,1556
 America,1556
UT,1556
 orig,1555
 loaded,1555
 fer,1555
 memories,1555
urtle,1555
nder,1554
font,1554
：,1554
 combined,1553
 authentication,1553
LL,1552
 impacts,1552
 35,1552
 stars,1552
 diversity,1552
 locations,1550
room,1550
ball,1550
iring,1549
tu,1549
 tw,1549
ester,1549
 pra,1547
вет,1547
select,1547
ال,1546
 calm,1546
 simulation,1546
 surprise,1545
US,1545
ceived,1545
 Met,1544
 cooking,1544
ona,1544
cond,1543
 Rec,1543
 biases,1543
 opposite,1542
"
We",1542
人,1541
 hier,1540
pered,1540
 méd,1540
 packaging,1540
 cluster,1540
 happening,1539
 shot,1539
 fa,1539
illing,1539
iner,1538
 equip,1538
oso,1538
 Write,1538
oot,1538
 welcome,1537
Par,1537
 Run,1536
 editor,1536
 ultimately,1536
 photo,1535
О,1535
 served,1535
lection,1535
 meal,1535
 float,1535
 Image,1534
 brief,1534
 bag,1534
benz,1533
 име,1533
 Sk,1533
 bomb,1533
 determ,1532
rib,1532
íveis,1532
 State,1532
ncia,1532
OL,1531
connect,1531
 colon,1531
 rout,1531
 proposed,1531
 norm,1531
 fert,1531
empl,1530
 ill,1530
aces,1530
 datasets,1529
 Jew,1529
 straight,1527
 lists,1527
 hash,1527
untos,1526
 Ко,1526
Entry,1526
 relative,1525
¡,1525
 mystery,1525
 imagine,1523
án,1523
Enter,1523
ori,1523
_re,1523
lement,1523
carbox,1523
 ا,1522
 fís,1522
ın,1522
 ni,1522
uel,1521
ха,1520
now,1520
anti,1520
 kon,1519
 свя,1518
 esper,1518
ension,1518
icon,1517
 hips,1517
 princip,1517
Set,1517
 minim,1517
ike,1517
 San,1516
 Plan,1516
 spending,1516
icate,1516
 bal,1515
 enjoyable,1515
number,1515
 theme,1515
 transaction,1515
 installation,1514
bol,1514
 precisa,1513
"

Th",1513
 hai,1513
bb,1513
gt,1512
 texture,1512
 leads,1511
anda,1511
Is,1511
 !=,1510
 din,1510
하는,1509
 pen,1509
_text,1509
 في,1508
 Whether,1508
 vehicles,1508
 Facebook,1508
join,1507
ficas,1507
 permet,1507
 ice,1506
umes,1506
 ε,1506
 vita,1504
том,1504
 Spanish,1504
 Industry,1504
arias,1504
 kingdom,1504
 continuous,1503
TH,1503
OC,1503
={,1503
 engagement,1503
eln,1502
 categories,1502
кой,1501
ails,1501
 compre,1501
 lit,1501
 repl,1501
ス,1501
성,1501
γ,1500
face,1500
 pred,1500
お,1500
ogram,1500
 scal,1499
 keyword,1499
 net,1499
ден,1498
 тре,1498
 ay,1498
 divided,1497
 dialogue,1496
 pel,1496
 cult,1496
 dinner,1495
 contra,1495
vant,1495
yr,1495
display,1495
 determination,1494
 Ang,1494
iso,1494
 вопросы,1494
 criminal,1493
 sending,1493
 fruit,1493
 sac,1493
eme,1492
 evil,1492
 playful,1492
 gets,1492
 Conf,1492
 twist,1492
 alive,1492
Update,1492
username,1492
 responder,1491
 threats,1491
 blocks,1490
 bis,1489
  1,1489
 activation,1489
 highlights,1488
 zur,1488
cios,1488
 molecules,1488
 Ber,1488
 cars,1488
imes,1488
 battery,1488
 Machine,1487
_T,1487
irl,1487
iving,1487
 alta,1486
 Material,1486
 uno,1486
 distributed,1486
AB,1485
 Rel,1485
amentos,1485
 experi,1485
struct,1485
scale,1485
 Black,1485
 grace,1485
Why,1485
 cou,1485
chi,1484
 autor,1484
 racing,1484
 greatest,1484
 econom,1484
ricos,1483
 Che,1482
 Eu,1482
 transformer,1482
ously,1482
.(,1482
 hum,1481
icial,1481
ologies,1481
 pré,1481
 recon,1481
 2019,1480
..,1480
 sele,1480
 computational,1480
 cognitive,1480
 Form,1479
 street,1479
 trouble,1479
 reaching,1479
 mechanism,1479
 Show,1479
 emissions,1479
 insurance,1479
 pac,1479
ín,1478
dir,1478
 sand,1478
 amb,1478
osp,1477
 convey,1477
urrent,1477
ahr,1476
 breathing,1476
ät,1475
 campo,1475
ά,1475
chloride,1475
 according,1475
atura,1475
 Log,1475
 rain,1474
pert,1474
init,1474
ney,1474
 pus,1474
 tension,1473
 suggested,1473
 attractive,1473
 raised,1473
 secrets,1473
"
            }",1473
iation,1473
 snake,1473
"
\",1473
 manipulation,1472
에서,1472
 navig,1472
 studied,1471
 kid,1471
 analytics,1471
 atual,1470
ural,1470
predict,1470
_time,1470
ї,1470
ト,1470
 мне,1469
 recipe,1468
 diagn,1468
 buildings,1467
area,1467
 pes,1467
 enjoyed,1467
"

7",1466
 ih,1466
 mischie,1466
闲,1466
 creativity,1465
istics,1465
vector,1465
 revised,1465
 grin,1465
 gave,1465
 fut,1465
ope,1464
 curves,1464
igkeit,1464
 ISO,1464
uration,1463
 pul,1463
 calling,1463
 placed,1463
 execution,1462
irt,1462
54,1462
 nas,1461
 routine,1461
вле,1461
free,1461
New,1461
Write,1461
irect,1460
 ее,1459
ром,1459
uate,1458
 attend,1458
long,1458
 lingu,1458
 dreams,1458
Fi,1458
 pued,1457
fü,1457
println,1457
assistant,1457
цию,1456
 Super,1456
pread,1456
"

K",1456
 Azure,1456
 evening,1455
 processo,1455
 stere,1455
 pub,1455
 parallel,1455
aves,1455
 ле,1454
 regulatory,1454
 compatible,1453
 позво,1453
 bold,1453
 cities,1453
ivas,1453
click,1452
 verify,1452
 estab,1452
 perception,1452
gs,1451
erve,1451
 Business,1450
"

О",1450
cut,1450
пы,1450
 interactive,1449
 ship,1449
last,1448
 opinion,1448
/>,1447
 temperatures,1447
utter,1447
 Work,1447
 objective,1447
Box,1446
iding,1446
very,1446
 clause,1446
 ل,1445
 advance,1445
pause,1445
 hip,1444
uth,1444
 dates,1443
this,1443
plit,1443
ania,1443
 sec,1443
 wall,1442
 cv2,1442
 APIs,1442
Service,1442
 tor,1441
 dear,1441
"

At",1440
 mac,1439
 mitig,1439
 North,1438
 jobs,1438
 classified,1437
86,1437
 pulled,1437
 fiction,1437
 pressed,1437
SA,1437
 dig,1436
 humor,1436
ком,1436
asi,1436
 предо,1436
 ext,1436
 compos,1436
aires,1435
 Pot,1435
 reviews,1435
 managed,1434
utes,1434
ount,1433
 gift,1433
вых,1433
 AM,1433
 beings,1432
 realiz,1432
 json,1432
 aprender,1431
 intimate,1431
hal,1431
 sido,1431
 mechanics,1430
 것,1430
ibles,1430
 discrim,1430
 station,1430
 nie,1430
 glass,1429
gal,1429
 Connect,1429
 рас,1429
 rect,1429
 een,1429
sv,1428
 Initial,1428
ners,1428
 breaking,1426
 huge,1426
 introduced,1425
 realistic,1425
 intelig,1425
ister,1425
 mir,1425
 gained,1424
 rece,1424
 ester,1424
>:,1423
"
y",1423
"
Please",1423
valid,1423
 dati,1422
 achieving,1422
 however,1422
 subs,1421
 rice,1420
 birth,1420
 cher,1420
aving,1420
rive,1419
 cle,1419
ativ,1419
 Identify,1419
unas,1419
 substance,1419
 initiatives,1419
 45,1419
 succeed,1418
 meditation,1418
 má,1418
 percentage,1418
"."")",1418
 bir,1418
 objeto,1418
 Dep,1417
gest,1417
igo,1417
oco,1417
ells,1417
001,1417
 Update,1417
 valores,1417
 seja,1416
keit,1416
 remind,1416
 entender,1416
 revolution,1416
 lif,1416
 bro,1416
acing,1415
ará,1415
 plata,1415
 corpus,1414
oche,1414
 entry,1414
 был,1413
 Network,1413
 Key,1413
 curiosity,1413
 hal,1413
	8,1413
het,1412
points,1412
Ser,1412
 pure,1411
oves,1411
 comport,1410
 dat,1410
 breast,1410
 oh,1410
 despite,1410
 hoy,1410
 genetic,1409
 failure,1409
agent,1408
 liber,1408
 controls,1407
 bei,1407
_test,1407
 мно,1406
ody,1406
IM,1406
vous,1406
 findings,1406
 removing,1405
forward,1405
 accounts,1405
 bottle,1405
 ответ,1405
 &&,1405
 king,1405
 angle,1404
 compl,1404
 meters,1404
"
    int",1404
다,1403
 institutions,1403
IG,1403
Mod,1403
 degrees,1402
cout,1402
nection,1402
SP,1402
ople,1401
 ה,1401
aire,1400
 bound,1400
 pin,1400
 сер,1399
"
For",1399
 meat,1399
itable,1398
oin,1398
 exercises,1398
 cette,1398
 من,1397
 fier,1397
 unexpected,1397
 Their,1397
 injury,1397
 manip,1396
 validation,1396
 х,1396
 apps,1396
 consists,1395
 primarily,1395
 eng,1395
"
        //",1395
 mark,1395
 –,1394
 dirty,1394
 gestion,1393
 NULL,1393
ison,1393
 unbiased,1393
iger,1392
uted,1392
И,1392
 dimension,1392
 danger,1392
 asset,1392
 relig,1391
 ó,1391
 phot,1391
 appreci,1390
eras,1390
 26,1390
otic,1390
UP,1390
izi,1390
field,1389
 pushing,1389
 ox,1389
 lust,1389
 иг,1389
igos,1388
 effic,1388
Create,1388
 обу,1388
 regression,1388
oline,1388
 bathroom,1387
resent,1387
 pic,1387
agens,1387
powered,1387
NS,1387
ета,1386
rir,1386
document,1386
"
      }",1386
 foreign,1386
 kan,1386
 reset,1386
 Without,1384
ifique,1384
igure,1384
 cream,1384
нить,1384
 loyal,1383
 coll,1383
 Service,1383
 productivity,1382
 aqui,1381
 religion,1381
 racist,1381
 transition,1381
unch,1381
Do,1380
chain,1380
_2,1380
 og,1380
aly,1379
 displayed,1379
zed,1379
 sector,1379
íc,1379
 hyper,1378
 assum,1378
isis,1378
 leur,1378
 sharp,1378
 Project,1378
 ton,1377
 sy,1377
 Dec,1377
áveis,1376
 Overall,1376
 mysterious,1376
 printed,1376
 comunic,1375
 dot,1375
wick,1375
 :=,1375
ете,1374
\\,1374
합니다,1373
ints,1373
 técnicas,1373
shape,1373
вает,1373
ска,1373
iano,1373
 sche,1373
 dro,1372
 burn,1372
elles,1372
 https,1372
ा,1372
wor,1371
 commit,1371
ota,1371
 landscape,1371
ctors,1371
 tengo,1371
 inclusive,1370
 grad,1370
 ни,1370
 shopping,1369
 wat,1369
 Products,1368
bor,1368
cir,1368
 flight,1368
 peaceful,1368
助,1367
 FROM,1367
ya,1367
 gran,1367
 gam,1366
 desde,1366
mean,1366
tuning,1366
85,1366
123,1366
ió,1365
 Of,1365
 wood,1365
 pri,1365
 CO,1365
 retail,1365
рен,1364
 earned,1364
 hel,1364
 databases,1364
 Who,1364
 possibility,1364
 liv,1363
あ,1363
imentos,1363
ición,1363
:\,1363
 agriculture,1363
 discomfort,1363
 cel,1362
Hey,1362
 од,1362
 cultura,1362
 belief,1361
 sport,1361
 Development,1361
ROM,1360
 Why,1360
 mountains,1360
 particip,1360
 molecule,1360
 muse,1360
 kn,1360
 robust,1360
uzione,1360
Me,1359
 tracking,1359
fulness,1358
 treasure,1358
 pela,1357
 redu,1357
ema,1357
 été,1357
 meth,1357
🔒,1357
rec,1356
 awareness,1356
 profile,1356
ה,1356
 trabal,1355
 paid,1355
 az,1355
IL,1355
 stocks,1353
"

**",1353
 rid,1353
OST,1352
 aroused,1352
"
He",1351
 signals,1351
96,1351
Point,1351
ام,1350
 OR,1350
 sad,1350
 ped,1350
nov,1350
 max,1350
Э,1349
зу,1349
вания,1349
 emergency,1349
 selling,1348
 signs,1348
inem,1348
olution,1348
 há,1347
 density,1347
 opening,1347
 comprom,1347
 mechanisms,1347
 wasn,1347
Widget,1347
 anime,1347
 energia,1347
 pare,1347
 derived,1346
 divis,1346
 viene,1346
PT,1346
Qt,1346
joy,1345
ég,1345
 finish,1345
시,1345
 Bitcoin,1345
 bg,1345
None,1344
 thin,1344
 argue,1344
 essa,1344
ância,1344
 Cor,1344
вления,1344
 absor,1344
Number,1344
FF,1344
 police,1343
"
)",1343
ani,1342
 protocols,1342
ields,1342
 stack,1342
ulating,1342
 ends,1342
 образо,1341
 intensity,1341
 Fr,1341
 optimal,1341
 Transformer,1341
tag,1341
care,1340
ishing,1340
 prod,1340
 scope,1339
alle,1339
вые,1338
 Arab,1338
 fan,1338
лей,1338
section,1338
 File,1338
 explo,1337
Based,1337
 forced,1337
 modè,1337
"

###",1337
Message,1337
forma,1336
ван,1336
 RAM,1336
items,1336
 Port,1335
mic,1335
ким,1335
uation,1335
 shirt,1334
Trans,1334
']),1333
 fabric,1333
 coord,1333
 explores,1333
чен,1333
和,1333
шения,1333
 launch,1333
 сво,1332
 ec,1332
 servers,1332
 encryption,1332
 unf,1332
 Christian,1332
reset,1332
 philosophy,1331
gunt,1331
sert,1331
otion,1331
 raise,1331
 они,1331
 tailored,1330
iot,1330
"
        {",1330
 boys,1330
 cualquier,1330
 debt,1330
 medic,1329
 listening,1329
 discussed,1329
 Paris,1328
 Roman,1328
 foundation,1327
 expenses,1327
 sizes,1327
Var,1327
 LLMs,1326
 clearly,1326
 holds,1326
 promise,1326
ě,1326
 trend,1325
 Ident,1324
 partir,1323
 Node,1323
"
    private",1323
 sing,1323
 Master,1322
ilo,1322
 pessoa,1322
 Este,1322
 defeat,1321
isa,1321
 identified,1321
 Со,1321
after,1321
 desarrollo,1321
 liter,1320
ocks,1320
 Product,1320
 accepted,1320
 terror,1320
service,1320
 pizza,1320
 Fib,1319
dimensional,1318
 conflicts,1318
ials,1318
LP,1317
While,1317
 passage,1316
 Internet,1316
 highlight,1315
phone,1315
 processed,1315
plication,1315
 abandon,1315
 mouse,1315
 проце,1314
М,1314
uj,1314
 British,1313
avor,1313
 가,1312
çar,1312
 plane,1312
 flag,1312
 isolated,1312
next,1312
ления,1312
 breaks,1312
cm,1312
SELECT,1311
 govern,1311
web,1311
 kernel,1311
 energ,1311
éri,1310
 Real,1310
utional,1310
 outline,1309
 acceptable,1309
 emoc,1309
 keeping,1309
 broad,1308
 entertainment,1308
 directions,1307
eter,1307
Field,1307
"
ex",1307
 assert,1307
 divide,1306
 roleplay,1306
 upper,1305
 기,1305
 voltage,1305
 reflects,1304
udd,1304
 mistakes,1304
isse,1304
вля,1304
 Tr,1304
 couple,1304
 compact,1304
 transparent,1303
oto,1303
 até,1302
enses,1302
 któ,1302
 powder,1302
 sensual,1302
 vor,1301
фф,1301
udio,1301
 hoping,1301
 hi,1301
 bon,1300
OP,1300
 rapidly,1300
 Cal,1299
CD,1299
 deliver,1298
ставля,1298
 dish,1298
ecut,1298
 collabor,1297
-[,1297
 Commun,1297
inner,1296
 seeing,1296
ün,1296
cell,1296
_h,1296
 Dem,1296
 butter,1296
"

Con",1295
 ps,1295
 augment,1295
aped,1295
gn,1295
 escal,1295
 Since,1294
 За,1294
 kissing,1294
onto,1294
 org,1294
uns,1294
 balanced,1294
 Review,1294
 correspond,1293
 2018,1293
 се,1293
ере,1293
 visible,1293
Net,1293
 Day,1293
 addressing,1292
 carry,1292
 serving,1292
ission,1292
 kom,1292
eur,1292
 punishment,1292
 Г,1291
 300,1291
 Kont,1291
 compassion,1291
 educational,1290
 ф,1290
 ple,1290
inder,1290
 god,1290
47,1290
 Year,1290
 agric,1290
 travels,1290
 horm,1289
ficos,1289
 Select,1289
 spect,1288
 consumer,1288
 функ,1288
 Вы,1287
oms,1287
 pussy,1287
omo,1287
 mountain,1287
 seed,1287
uming,1286
 yours,1286
 todas,1286
 authorities,1286
 cy,1285
 greatly,1285
 ta,1285
 bul,1285
стро,1285
которы,1284
 mor,1284
 court,1284
 Você,1284
él,1284
 considerations,1284
 scan,1284
Wor,1284
NAME_6,1284
 shift,1284
 algorit,1283
 fund,1283
nis,1283
ections,1283
esso,1282
 basis,1282
 enemies,1282
 mixed,1282
 descriptive,1282
'},1282
ル,1282
ể,1282
ahl,1281
 фи,1281
 developments,1281
 branch,1281
grade,1281
 dip,1281
 tal,1281
ko,1281
 statistical,1281
hh,1281
 debate,1280
 delete,1280
 Aut,1280
 protocol,1280
All,1279
 formal,1279
icking,1279
 возможно,1279
_to,1279
 stir,1278
 scenarios,1278
 Cost,1278
 veget,1278
 UI,1278
 license,1278
Content,1278
 ه,1277
 ela,1277
adow,1277
 smoke,1277
 consideration,1276
equ,1276
 calculations,1276
400,1276
"
    </",1276
Form,1276
 2D,1276
ças,1276
fluor,1275
 intelligent,1275
 Pharmaceutical,1275
ível,1274
"
class",1274
 Read,1274
 다,1274
ISTANT,1274
aint,1273
 laugh,1273
range,1273
email,1273
 Brasil,1273
 jak,1273
 Um,1272
 Ret,1272
 имеет,1272
los,1271
мер,1271
 demonstrate,1271
ós,1271
59,1270
 former,1270
 impossible,1270
"
Note",1270
 sold,1270
เ,1270
OM,1269
quin,1269
 advertising,1269
 faire,1268
ulo,1268
árias,1267
cess,1267
 funds,1267
izers,1266
ів,1266
jar,1266
лов,1266
lished,1266
 dal,1266
move,1266
 Fun,1266
 egg,1266
 optimized,1265
мя,1265
leep,1265
ступ,1265
missions,1265
 versions,1265
ports,1264
 throw,1264
 dogs,1264
 cutoff,1264
 concerned,1264
 tow,1263
 Access,1263
 claims,1263
 pros,1263
 cliente,1262
 ecosystem,1262
 owner,1261
 priv,1261
"
V",1260
izione,1260
 possa,1259
 gaming,1259
 electricity,1259
 aims,1259
 упра,1259
ý,1259
 adicion,1258
 gonna,1258
 rely,1257
 Class,1257
 spe,1257
 consulting,1257
 mist,1256
Table,1256
 reader,1256
DS,1255
 definition,1255
 жи,1255
 protected,1255
ushed,1255
urg,1255
 safely,1255
real,1255
 forecast,1255
 cyber,1255
 stret,1254
 translate,1254
 dess,1254
ager,1254
assword,1254
логи,1254
 caution,1254
 displays,1253
 remov,1253
 survive,1253
LECT,1253
vilupp,1253
 !,1252
 sistemas,1252
 candidate,1252
erson,1252
get_,1252
 arqu,1251
itch,1251
 Number,1251
 cutting,1251
 survival,1251
 Po,1251
emás,1251
 struggle,1251
 inches,1251
Log,1251
 pep,1250
pyrimidine,1250
 Convert,1249
 shell,1249
 flat,1249
 accordingly,1249
 uncomfortable,1249
 дру,1249
 diagram,1249
 BY,1249
 native,1248
 Gen,1248
 dra,1248
El,1248
 Он,1248
 Gl,1248
луч,1247
 supportive,1247
К,1247
 jump,1247
 shapes,1247
airs,1247
 kg,1247
 maybe,1247
lia,1246
drop,1246
 reverse,1246
 Software,1246
bt,1246
ounding,1245
 elim,1245
 пра,1245
How,1245
osten,1245
 assumptions,1244
water,1244
ก,1244
alpha,1244
 abuse,1244
sl,1243
 assigned,1243
 opened,1243
ival,1243
Good,1242
 Pers,1242
 decor,1242
жения,1242
_e,1242
 ambiente,1242
aker,1242
 prove,1242
вести,1242
 números,1242
Code,1242
rav,1241
 agree,1241
 programm,1241
 bere,1241
DD,1241
94,1241
 equations,1241
 orders,1241
Im,1241
 sia,1240
tain,1240
 python,1240
 NAME_14,1240
 ferr,1239
datetime,1239
works,1239
ways,1239
 err,1239
 sale,1239
 molto,1238
 worldwide,1238
osc,1238
trans,1238
rend,1238
 president,1238
 Star,1238
train,1238
 channels,1237
 pois,1237
 pee,1237
 experiments,1237
 mov,1237
loro,1237
 investors,1237
_train,1237
ution,1236
igt,1236
 horse,1235
bro,1235
cript,1235
자,1235
 Hum,1234
 links,1234
UM,1234
为,1234
token,1234
rained,1234
 dise,1234
 rom,1233
 winning,1233
aged,1233
 axis,1233
erv,1233
 profession,1232
ό,1232
 sauce,1232
 ears,1231
рет,1231
 опреде,1231
earn,1231
ago,1231
 Auto,1231
сле,1230
uan,1230
 selecting,1230
 realize,1230
asse,1229
Well,1229
 су,1229
 bat,1229
 calculates,1228
ück,1228
 indic,1228
icar,1228
ientes,1228
 Sw,1228
 36,1228
 instances,1228
 för,1228
">"",",1228
 pride,1227
 incident,1227
zing,1227
iga,1227
ech,1227
 triangle,1227
filter,1226
 integrated,1226
 Cons,1226
 pygame,1226
 fluid,1226
 het,1226
Stream,1226
 render,1225
request,1225
err,1225
 escrit,1225
begin,1225
cin,1225
 lung,1225
kl,1225
abel,1224
 Hi,1224
 expressions,1224
Rec,1224
 между,1224
args,1224
 entered,1223
 river,1223
rows,1223
 aud,1223
 ocean,1223
 univers,1223
 luck,1223
 revis,1223
 subst,1223
 програм,1223
 tf,1223
By,1223
 loud,1222
jpg,1222
 suck,1222
 mathematics,1222
Array,1222
Result,1222
ת,1222
 logical,1221
 cré,1221
 seduce,1221
 IN,1221
 claiming,1221
 vac,1221
CE,1220
etic,1220
вить,1220
ographic,1220
 pairs,1220
ści,1220
cido,1219
 repair,1219
什么,1219
unos,1219
"
              ",1219
 trig,1219
κ,1218
 partnership,1218
ま,1218
icked,1217
31,1217
 sched,1217
zioni,1217
ests,1217
 responsibilities,1217
 bread,1217
 assessment,1217
fon,1216
chnology,1216
 curs,1216
 Как,1216
 Rust,1216
emplate,1216
 exhib,1215
 lav,1215
Ap,1215
 Italian,1214
otypes,1214
 agreed,1214
 Java,1214
eless,1214
ayer,1214
 automation,1214
atur,1214
cos,1214
oper,1214
 Twitter,1214
 Fast,1213
 perpet,1213
ought,1213
 teaching,1213
 codice,1213
 enemy,1212
 arrived,1212
">""",1212
 California,1212
 chair,1212
alk,1212
"

    public",1212
 deployment,1212
 dishes,1212
cles,1212
umer,1212
ed_,1211
 Focus,1211
 q,1211
 emphasis,1210
 restaurants,1210
 picture,1210
 sheet,1210
ña,1210
라,1210
ently,1209
uni,1209
 incon,1209
--------,1209
 confirm,1209
ancia,1209
iza,1208
iste,1208
Title,1208
_C,1208
elif,1207
emente,1207
 enabled,1207
 kitchen,1207
oup,1207
abilities,1207
정,1207
 PM,1207
 (),1206
 às,1206
oli,1206
 login,1206
 modelos,1206
ropy,1205
나,1205
ivi,1204
 nous,1204
 ans,1204
indi,1203
 bear,1203
 shake,1203
 projet,1203
 lib,1203
_value,1203
 spin,1203
 Pe,1203
 stages,1202
μ,1202
 bringing,1202
 mehr,1202
ief,1201
 técn,1201
 People,1199
 Intel,1199
 Spring,1199
 lifestyle,1198
 desarroll,1198
 km,1197
 capability,1197
"
            return",1197
 printing,1197
 reported,1197
 empresas,1196
dev,1195
 saved,1195
 conj,1195
 coordinates,1195
uten,1195
û,1194
cha,1194
ules,1194
dist,1194
osph,1194
 confines,1194
ii,1193
 Instruction,1193
 Visual,1193
hl,1193
 streaming,1193
mb,1192
agen,1192
 Australia,1192
 disco,1192
 generator,1192
iais,1192
ução,1191
irts,1191
ologie,1191
question,1191
 operate,1191
ooks,1191
 mús,1191
 faces,1190
при,1190
commerce,1190
 wel,1190
 trat,1190
 artif,1190
 programa,1190
 mont,1190
 tries,1190
тому,1190
akt,1190
"
function",1190
 она,1189
 simulate,1189
 AND,1189
Can,1189
_x,1189
Co,1189
 collected,1188
 Det,1188
 empathy,1188
 automate,1188
ycl,1188
stitution,1188
ties,1188
bon,1188
Test,1188
_count,1188
 campaign,1188
 surf,1187
olar,1187
 offered,1187
 propos,1187
uler,1187
 Fre,1187
 manufacture,1186
 regards,1186
"
0",1186
 pregunta,1186
 Ukraine,1186
 bowl,1186
 обеспе,1185
 bur,1185
три,1185
 gust,1185
por,1185
first,1185
 gru,1184
 plenty,1184
 participate,1184
在,1184
 Unity,1184
43,1184
CA,1184
 usuário,1183
 earn,1183
лом,1183
auf,1183
 electro,1183
.*,1183
 families,1182
PP,1182
Window,1182
 smiling,1182
став,1181
ología,1181
ят,1181
 gradient,1181
ahren,1180
 tenho,1180
rist,1180
ôn,1180
context,1180
inding,1180
 lab,1180
 appe,1180
description,1180
 qualified,1179
 ún,1179
 possível,1179
гра,1179
 эти,1179
ups,1179
장,1179
 virt,1179
 combine,1178
front,1178
verage,1178
_model,1178
 casual,1178
 choosing,1178
 tun,1178
 nipples,1178
79,1178
стви,1177
 Generate,1177
""":""",1177
 bedroom,1176
 conversion,1176
 расс,1176
INT,1176
 Core,1176
"
    else",1175
 Sil,1175
ading,1175
 tiny,1175
 momento,1174
сли,1174
 Old,1174
 pleas,1174
ника,1174
 clock,1173
 precision,1173
 contin,1173
 organized,1173
 NA,1173
lass,1172
 beneficial,1172
 combat,1172
 inch,1172
 Answer,1172
 increases,1171
 curve,1171
ög,1171
 keywords,1171
etch,1171
 estado,1170
 malicious,1170
 USB,1170
 Ste,1170
 Mac,1170
 strategic,1170
%.,1170
DO,1169
ough,1169
anted,1169
 decis,1169
)^,1169
anza,1169
 пробле,1169
 asks,1169
 bust,1168
 relie,1168
 mercado,1168
 corner,1168
sing,1167
 же,1167
 Asia,1167
 cache,1167
 rapp,1167
urt,1167
 fraud,1167
 quiet,1167
 explained,1167
 tick,1167
 tecnologia,1166
 contexts,1166
 locked,1166
 summer,1166
 advoc,1166
pol,1166
uego,1166
와,1166
 designs,1165
 contr,1165
ensation,1165
 mom,1165
 plag,1165
 interess,1164
 heavily,1164
 фай,1164
 eff,1163
 rein,1163
 instrument,1163
А,1163
 embarrassed,1163
fig,1163
 gravity,1163
 vulnerability,1163
 currency,1163
 duration,1162
 manual,1162
 compar,1162
pip,1162
 Manager,1161
 fruits,1161
 tea,1161
ités,1161
нен,1161
 shoes,1160
USER,1160
"

Let",1160
status,1160
 fly,1160
AY,1160
 bytes,1160
 During,1159
 Qual,1159
ень,1159
 accomplish,1159
255,1159
 muscular,1159
atoes,1158
 pun,1158
double,1158
 Introduction,1157
ек,1157
 keine,1157
ject,1157
Node,1157
 Mag,1156
onom,1156
"

From",1156
 refere,1156
lio,1156
 grammar,1155
wer,1155
ème,1155
 configur,1155
"
NAME_",1155
 Water,1154
тре,1154
 posible,1154
Person,1154
 dollars,1154
"
    -",1154
 scream,1153
 mesmo,1153
());,1152
 MySQL,1152
eding,1152
 occurred,1152
eso,1152
 periods,1152
fere,1151
lete,1151
 работа,1151
 사용,1151
 futuro,1151
 incredible,1151
 cash,1151
 paragraph,1150
 Before,1150
enge,1149
 Di,1149
 ST,1149
hapter,1149
 promotes,1149
 batch,1148
 tested,1148
 mm,1148
 Input,1148
 controversial,1147
 Не,1147
ander,1147
dem,1147
 ét,1147
snakeObj,1147
HT,1146
дов,1146
stit,1146
target,1146
 friendship,1146
bra,1146
능,1146
 except,1145
 engineer,1145
 insp,1145
 Na,1145
 garden,1145
 ogni,1144
 discussion,1144
 wisdom,1144
 fue,1144
ensor,1144
oving,1144
pir,1144
 husband,1144
bbing,1144
estra,1144
sa,1143
 {},1143
 Avoid,1142
}),1142
 пи,1142
 echo,1142
 alien,1142
ак,1142
 muy,1142
rons,1142
 dominant,1141
aming,1141
 Мо,1141
ception,1141
 puoi,1141
 ale,1141
oud,1141
"
22",1141
" },",1141
 authority,1140
 pricing,1140
 certainly,1140
 rapid,1140
 header,1140
 suo,1140
ม,1140
des,1139
 widget,1139
 biological,1139
 Okay,1139
 presented,1139
 repeated,1139
"{""",1138
ciones,1138
 UK,1138
EL,1138
ounter,1137
conscious,1137
"
  if",1137
pose,1137
del,1137
 wenn,1137
 стро,1137
ancy,1136
 acts,1136
して,1136
 submit,1136
 encont,1136
ku,1135
iate,1135
carbon,1135
"
21",1135
έ,1134
" {""",1134
 31,1134
 cred,1134
 Bar,1134
사,1134
ING,1134
 streets,1133
 requested,1133
 fees,1133
 Canada,1133
 origin,1133
hter,1133
comm,1133
帮,1133
itrile,1133
 classe,1132
 ng,1132
 belong,1132
FS,1132
fix,1131
 сто,1131
ship,1131
 theories,1131
 films,1130
quer,1130
uma,1130
np,1130
lp,1129
 indica,1129
 255,1129
"""}",1129
 mutual,1129
 Pal,1128
 adventures,1128
models,1128
 coding,1128
할,1128
dd,1127
 stomach,1127
 contro,1127
Bl,1127
 parse,1127
 browse,1126
roid,1126
ument,1126
 tran,1126
 grav,1126
 bill,1126
 mé,1126
 произ,1126
nerg,1125
 miles,1125
 formed,1124
oded,1124
 trabalho,1124
 déc,1124
 Energy,1124
Index,1124
 serie,1123
 llam,1123
 inhib,1123
 partic,1123
 DNA,1123
 sensors,1123
тер,1123
 saúde,1123
 fá,1123
ocation,1123
 radio,1123
ön,1122
ellig,1122
iced,1122
 debe,1122
 Fin,1122
 destruction,1122
 export,1122
 circuit,1122
 solving,1121
льный,1121
 hypothetical,1121
 meta,1121
 courage,1121
etime,1121
mal,1120
 scared,1120
vision,1120
icional,1120
 solicit,1120
 bird,1120
 posts,1119
IF,1119
 sisters,1119
イ,1118
 transl,1118
 raz,1118
aks,1117
 magn,1117
 dressed,1117
 filling,1117
 shy,1117
 NAME_15,1117
 Computer,1116
 mane,1116
ью,1116
 Control,1116
 engaged,1116
 inclus,1116
 participants,1116
сту,1116
emory,1116
inf,1115
 args,1115
 себя,1114
 Ка,1114
unction,1114
ensive,1114
agers,1114
 2000,1113
top,1113
anch,1113
 architect,1113
74,1113
Exception,1113
 kill,1112
 qualquer,1112
 toy,1112
 flowers,1112
anie,1112
 physically,1112
device,1112
ран,1112
EM,1112
ydro,1111
 steel,1111
 exit,1111
ason,1111
 jour,1111
트,1111
 improvements,1111
 бо,1110
ilar,1110
 página,1110
save,1110
las,1110
 avoiding,1110
ktion,1110
actory,1110
 apple,1110
such,1109
бли,1109
 Response,1109
吗,1109
 anger,1109
 Wi,1109
 exc,1108
 lock,1108
 trabaj,1108
 rés,1108
 Build,1108
 dalla,1108
 Sal,1108
 confront,1107
 Information,1107
 leaders,1107
rial,1107
omethyl,1107
 tur,1107
 titled,1107
"
So",1106
install,1106
пра,1106
 alert,1106
08,1106
location,1106
ticos,1105
Sc,1105
 Step,1105
 recovery,1105
 visiting,1105
 tutor,1105
istas,1104
 edges,1104
_key,1104
 Sl,1104
 conse,1104
 fighting,1104
 제,1104
 SD,1104
 crypt,1103
 driven,1103
iento,1103
üt,1103
rier,1103
را,1103
 permission,1103
denly,1102
 có,1102
imp,1102
 прави,1102
каза,1102
 inventory,1101
isi,1101
用,1101
 cour,1101
 hop,1101
osis,1101
MM,1101
 fans,1101
高,1100
 conteúdo,1100
 efect,1100
"
Ex",1100
стра,1100
 confess,1100
**:,1100
 preguntas,1099
 Enter,1099
 plugin,1099
вание,1098
 α,1098
ход,1098
 ax,1098
uries,1098
 einf,1098
"
SE",1098
本,1098
ython,1097
жен,1097
 только,1097
stell,1097
 Come,1097
 concentration,1096
 Ф,1096
 interfaces,1096
 desenvolvimento,1096
 setup,1096
 Fine,1096
 defe,1096
"
J",1096
 hex,1096
63,1096
 motivated,1095
 Republic,1095
 авто,1095
ju,1095
fill,1095
 tam,1095
 String,1095
рт,1094
window,1094
ograf,1094
irm,1094
 faith,1093
 iron,1093
"
public",1093
cel,1093
 await,1093
 mate,1093
 delivering,1093
 aplicación,1093
ubernetes,1093
IO,1093
acter,1092
 gig,1092
 narrow,1092
 prepar,1092
 Another,1091
тия,1091
 Eng,1091
CL,1091
zes,1091
 six,1091
frame,1091
othing,1090
 engines,1090
 través,1090
tal,1090
строй,1090
ré,1089
터,1089
51,1089
 importantes,1089
aced,1089
 suffering,1089
 NAME_19,1089
่,1089
 papers,1089
ву,1088
keras,1088
resse,1088
gin,1088
 transmission,1088
 overwhelming,1088
 authors,1088
 extracted,1087
 visualization,1087
 bath,1087
 Dies,1087
ети,1086
 Online,1086
です,1086
 disorder,1086
eria,1086
ife,1086
 crew,1086
共,1086
מ,1086
 Save,1085
 alguns,1085
 rough,1085
 hearing,1085
Chat,1085
Est,1085
rix,1084
 reads,1084
 repeat,1084
 Return,1083
Not,1083
 Organ,1083
encial,1082
 sint,1082
layers,1082
 enables,1082
 Personal,1082
Open,1082
ulf,1081
 significance,1081
png,1081
 pom,1081
ث,1080
 боль,1080
议,1080
 endpoint,1080
 spell,1080
Okay,1080
ln,1080
rometry,1080
ologia,1079
 informations,1079
 hospital,1079
 ты,1079
 fest,1079
 associ,1079
 rare,1079
 fail,1079
prim,1079
 lying,1078
 fur,1078
II,1078
 satisf,1078
 listed,1077
oster,1077
"

const",1077
тра,1077
 opp,1077
ispiel,1077
 би,1077
 29,1076
йти,1076
duce,1076
 Building,1076
 się,1076
 время,1075
 identificar,1075
Te,1075
Dis,1075
Or,1075
 sufficient,1075
mac,1075
 Der,1075
éd,1075
9999,1075
dy,1075
 introduce,1074
 clientes,1074
 buffer,1074
isch,1074
 musical,1074
 usuario,1074
"
###",1074
"
23",1074
 är,1074
 texts,1073
 Spe,1073
ynt,1073
 protecting,1073
 investments,1072
 cow,1072
 domestic,1072
 Las,1072
 mich,1072
 swim,1071
thy,1071
send,1071
 ти,1071
lear,1070
вод,1070
 presentation,1070
하고,1070
uti,1070
 Sur,1070
 Party,1069
 plate,1069
forder,1069
icro,1068
кус,1068
iale,1068
build,1068
green,1068
hos,1067
υ,1067
 ger,1067
äng,1067
 talent,1067
 laptop,1067
 samples,1066
otive,1066
 Synt,1066
 legend,1066
 decrease,1066
 resol,1066
цион,1066
 href,1066
 GitHub,1066
 introduction,1066
 imagination,1066
DF,1065
ably,1065
iat,1065
 Jour,1065
izzare,1065
ract,1065
 pollution,1064
 birds,1064
 Os,1064
"
]",1063
 инте,1063
utions,1063
 habe,1063
border,1063
 numero,1063
א,1063
 painting,1062
 clar,1062
óg,1062
 actively,1062
 hide,1062
 sym,1062
 Studio,1062
입니다,1062
address,1062
 conversational,1062
 citizens,1061
 toys,1061
 upload,1061
Element,1060
ién,1060
 jogo,1060
 ак,1060
 бе,1059
 jo,1059
 Frage,1059
 GB,1059
rm,1059
 darkness,1059
 nost,1058
acking,1058
 resultados,1058
 Deep,1058
Sp,1058
 sav,1058
 сло,1057
рии,1057
 Object,1057
 пу,1057
rog,1057
 ord,1057
ipher,1057
duct,1056
 comparison,1056
 readers,1056
 Mal,1056
gles,1056
 рабо,1056
core,1056
 ди,1056
1H,1056
 pant,1055
ray,1055
shine,1055
 applying,1055
ектив,1055
 lift,1054
fect,1054
 addresses,1054
atility,1054
 specifications,1053
 Dist,1053
 tomar,1053
 lesson,1053
 Informationen,1053
jam,1053
 Daten,1053
 composition,1053
 pictures,1052
 teaspoon,1052
fa,1052
anks,1052
 discovery,1052
 evaluating,1052
 Market,1052
 vectors,1052
sole,1052
 elev,1051
 phase,1051
 calcul,1051
 нужно,1050
 Comp,1050
 expressed,1050
 amor,1050
 integrity,1050
itors,1050
performance,1049
 paint,1049
 critic,1049
 chances,1049
 submissive,1049
 weapon,1048
 conducted,1048
math,1048
 Africa,1048
phones,1048
 sop,1048
тор,1048
Start,1048
urance,1048
 conect,1048
 batt,1048
клю,1048
 extensive,1047
 Exper,1047
 sequ,1047
ipped,1047
 géné,1047
 occup,1047
 proceso,1047
 urine,1047
 extreme,1047
 vulnerabilities,1047
Count,1046
 surround,1046
.\,1046
тери,1046
сов,1046
É,1045
 Discuss,1045
 Team,1045
 mud,1045
sis,1045
ourage,1045
 ces,1045
gged,1045
リ,1045
 moans,1045
 estate,1045
party,1045
YL,1045
push,1045
 integrate,1044
oci,1044
 mask,1044
"
Here",1044
isk,1044
 innov,1044
 sen,1044
 Greek,1043
 involving,1043
 understood,1043
 descriptions,1043
 principle,1043
cs,1043
enen,1043
 gan,1043
DP,1043
 erro,1043
 attra,1042
ций,1042
itage,1042
 gut,1042
 generative,1042
 Rub,1042
ql,1042
600,1042
 400,1042
atal,1042
 decent,1042
 slave,1041
 COVID,1041
 econ,1041
 interpretation,1041
 Empire,1041
 са,1041
П,1040
 gear,1040
 Light,1039
ían,1039
 loves,1039
 pink,1039
bres,1039
udes,1038
stood,1038
"
n",1038
apple,1038
 безопа,1038
 disk,1037
ustom,1037
 geben,1037
fé,1037
 idi,1037
 labyrinth,1037
256,1037
 bare,1036
 vos,1036
 productive,1035
Please,1035
driven,1035
 rede,1035
ouver,1034
annel,1034
 dragon,1034
gy,1034
 targeted,1034
 casa,1034
"
24",1034
node,1033
 Also,1033
aked,1033
imientos,1033
inity,1033
 tema,1033
reas,1033
ferences,1032
 magnetic,1032
 Autom,1032
 oxygen,1032
 showed,1032
้,1032
 giant,1031
aur,1031
true,1031
 Bay,1031
 absolute,1031
urch,1031
 NOT,1031
 chemistry,1030
 therefore,1030
 onde,1030
 bacteria,1030
면,1030
рования,1030
 comprend,1029
 supporting,1029
 encrypt,1029
 func,1029
 abstract,1029
steps,1029
plied,1028
很,1028
 degli,1028
она,1028
ground,1028
 evolution,1028
мати,1028
Sub,1028
connected,1028
lowing,1027
 соответ,1027
atar,1027
 beat,1027
 teeth,1027
 journal,1027
 menc,1027
 disorders,1026
 quel,1026
 случа,1026
 mill,1026
 Server,1026
 derogatory,1025
 ann,1025
apping,1025
 girlfriend,1025
 Una,1025
eurs,1025
erer,1025
 apresent,1025
ё,1024
 bases,1024
"
           ",1024
 underwear,1024
 minds,1024
änd,1024
 replaced,1023
 несколько,1023
 genu,1023
 00,1023
 им,1023
 username,1023
 الت,1022
 mach,1022
ifica,1022
 depression,1022
Pl,1022
 recher,1022
 convenient,1022
 coc,1022
_index,1022
 moments,1021
пре,1021
jud,1021
 disp,1021
 mirror,1021
 opt,1021
 Bel,1021
 Def,1020
 velocity,1020
 ($,1020
 encoding,1020
ئ,1019
stru,1019
 pose,1019
atin,1019
 orient,1019
 ese,1019
 Ben,1018
 và,1018
 whisper,1017
UN,1017
 procedure,1017
ين,1016
blic,1016
 smell,1016
lie,1016
 rating,1016
zip,1016
 consens,1015
 weigh,1015
 gone,1015
_number,1015
 animation,1015
 squee,1015
 Best,1014
edge,1014
 reporting,1014
 DE,1014
 golden,1014
 Tre,1014
Cont,1014
 atoms,1014
 ),1014
inyl,1014
 Big,1014
 Korean,1013
rt,1013
них,1013
AG,1013
 Prot,1013
hens,1013
 ک,1013
cd,1013
 tense,1012
 recomend,1012
 Up,1012
 compute,1012
 peak,1011
 том,1011
 symbols,1011
 Ed,1011
 narrative,1011
льных,1011
 Chem,1011
 trov,1010
rable,1010
 philosophical,1010
 extremely,1010
ongo,1010
ор,1010
 craft,1010
 Space,1010
eline,1010
 정,1010
 providers,1010
 Note,1009
ape,1009
 Л,1009
 division,1009
 attracted,1009
ität,1009
 resultado,1009
 autonom,1008
 whenever,1008
 shock,1008
Click,1008
 Coll,1008
hex,1008
 individ,1007
 tags,1007
 kids,1007
 delicate,1007
 ban,1007
 chapter,1007
"
25",1007
holder,1007
 hole,1007
comp,1006
 transmit,1006
 minimal,1006
_message,1006
 esto,1006
ml,1006
 teasing,1006
 pressing,1005
ionally,1005
 attractions,1005
 qualidade,1005
"?"",",1005
 nuc,1005
 digits,1005
replace,1005
power,1005
 libre,1005
 impressive,1004
 surprised,1004
 (`,1004
inst,1003
 precise,1003
vern,1003
 infection,1003
ploy,1003
 WHERE,1003
hydroxy,1003
wo,1003
 investigate,1003
 matplotlib,1003
rias,1003
aus,1003
 songs,1003
 brave,1002
 prest,1002
rior,1002
들,1002
 backup,1002
 till,1002
war,1001
 overwhel,1001
issance,1001
raft,1001
 tact,1001
 revealed,1001
ova,1001
 corpo,1000
bel,1000
optim,1000
 rhyth,1000
Request,1000
 discussions,999
 expressing,999
ouble,999
 sed,999
uling,999
_in,999
1000,999
ician,999
อ,999
您,999
 inspired,998
 2017,998
 serial,998
 информацию,998
 Pok,998
  5,998
ización,998
 Prov,998
 ге,998
 crisis,998
 буду,998
estion,997
Per,997
asks,997
 liver,997
So,996
 upgrade,996
 wine,996
 references,996
ograph,996
pression,996
amera,996
rue,996
 medicine,995
cri,995
ouve,995
ческие,995
 surve,995
юсь,995
 wurde,994
coming,994
[-,994
 lands,994
 separated,994
 linked,994
êm,993
льные,993
 redes,993
 counsel,993
 bás,993
 obtener,993
 definitely,993
 zum,993
elihood,992
 Alg,992
 Av,992
 exception,992
 corrected,992
 lyrics,992
One,992
дер,992
rics,992
 dol,992
 brings,991
 shoulder,991
 inspir,991
шо,991
 relief,991
 proof,991
 incent,991
ighter,991
 Custom,991
ffe,991
 intu,990
 anderen,990
χ,990
nie,990
tk,990
 nh,990
inations,989
 Analysis,989
rup,989
 humili,989
 uniform,989
 compat,989
 statistics,989
emp,989
"%,",989
untu,988
oun,988
 Mount,988
rough,988
 очень,987
processing,987
 almost,987
 коман,987
"

            ",987
 East,986
ector,986
 VR,986
 acting,986
Response,986
alf,986
opp,986
 Document,986
 wor,985
 accompl,985
 Environment,985
lä,985
 schools,985
жет,984
"""><",984
 Sales,984
 End,984
rateg,984
 sudden,983
 história,983
лия,982
 generar,982
hot,982
 editing,982
 rad,982
 Food,981
 university,981
 sexist,981
icios,981
 transformed,981
 shadows,981
 prediction,981
济,981
 rent,980
Product,980
))),980
cz,980
 вер,980
 January,980
block,980
 diagnosis,980
 jokes,980
iras,979
 Give,979
 стра,979
IV,979
 результа,979
 Support,979
 perguntas,978
"
w",978
 гра,978
 estimated,978
parency,978
arten,978
 Ра,977
YPE,977
 Num,977
 writer,977
 Vol,977
 дан,977
iene,977
력,976
Controller,976
 agency,976
 storing,976
 busy,976
unic,976
 уста,976
íst,975
eder,975
 butt,975
데,975
OW,975
aph,974
 recogn,974
 chose,973
 tout,973
 исто,973
 arise,973
"

On",973
 cra,973
 html,972
мента,972
 structured,972
 confused,972
 proven,972
 fourth,972
On,972
BA,972
aggi,972
 -->,972
 nest,971
eler,971
 Life,971
 >=,971
 Prom,971
ím,971
loss,971
 DAN,971
nehmen,971
 ric,970
 paths,970
pute,970
Don,970
 myth,970
xic,970
 Long,970
PM,969
 cats,969
Hz,969
 flour,969
 Ti,969
 decimal,968
" ""$",968
_r,968
 Corporation,968
 restrictions,968
 minha,968
ř,968
 drawing,968
UR,968
 wheel,968
 была,968
oren,967
 orientation,967
ходи,967
 acess,967
"""),",967
 Korea,967
신,967
 Phys,966
 scalable,966
 próp,966
ividades,966
 evalu,966
TT,966
 spr,966
 turning,966
gress,966
 According,966
 solely,966
ierung,966
fas,965
 lights,965
ях,965
 clinical,965
Dim,965
 allerg,965
 lavoro,965
 tanto,964
creen,964
 none,964
ít,964
 federal,964
вая,964
동,964
 frequently,964
 consumers,964
ião,963
sistent,963
 agencies,963
istry,963
riend,963
zone,963
 Line,963
"'),",963
 oportun,962
 died,962
 Any,962
aug,962
 adjusted,962
 repro,962
 automat,962
 filters,961
 cab,961
oly,961
 protagonist,961
 hyp,961
Gener,961
stra,961
 shop,961
Task,961
 financi,960
92,960
 cuisine,960
mission,960
 outfit,960
answer,960
=(,960
жда,960
 veloc,960
Context,960
"

        #",960
icy,960
े,960
 susp,959
 thorough,959
 últ,959
quis,959
icação,959
 plt,959
 разви,959
 summ,959
 CEO,959
 인,959
шу,958
 treating,958
 applicable,958
inator,958
ters,958
 instru,958
лет,958
	1,958
ου,957
 politics,957
"
};",957
MI,957
 manufacturers,957
 dés,957
 equivalent,957
 Digital,957
 observed,957
 cres,957
ร,957
BS,956
 Cert,956
 prá,956
quanto,956
 Br,956
 cute,956
.],956
 quad,956
 putting,955
 Vo,955
 sensitivity,955
 continuously,955
 cru,955
            ,955
_log,955
 inflammation,954
 trapped,954
 networking,954
 plug,954
"
    },",954
 commun,954
 accident,954
 какие,954
orie,954
	6,954
 campaigns,953
 ep,953
 Bo,953
 технологи,953
 innocent,953
 logs,953
цы,953
 0x,953
attle,953
 younger,952
 ===,952
 yes,952
 filt,952
 scripts,952
 Ges,952
 buttons,951
 clos,951
 codes,951
 Techn,951
"

Qu",951
ross,951
 advancements,951
كن,950
 му,950
ao,950
 unsure,950
 designing,950
inho,950
 struggles,950
conf,950
 figures,950
 работы,950
 Intelligence,949
 ran,949
 boss,949
well,949
 Transform,949
 BERT,949
ições,949
 disappoint,949
화,949
 язы,949
Я,949
urer,949
inte,948
 recover,948
 shorter,948
83,948
 determining,948
lands,948
 surv,948
lla,948
 проек,948
 publicly,948
 Share,948
ל,948
NAME_7,947
rupt,947
 Home,947
 Brazil,947
щ,947
 grass,947
 especific,947
 Cat,946
 gradually,946
 similarity,946
 affordable,946
Sn,946
izable,946
 dangers,946
게,946
 consumed,945
 код,945
 fond,945
 cub,945
 college,945
matic,945
 meine,945
dom,944
 tender,944
immer,944
 warning,944
На,944
 affects,944
vor,944
 español,944
acle,943
 Char,943
 register,943
ridge,943
agon,943
Token,943
 violent,943
"
Re",943
 colleagues,943
 buying,943
 обще,943
iana,943
cat,943
 которо,942
see,942
 пер,942
 stops,942
 Mars,942
 Determine,942
ync,942
abilidade,941
️,941
ressing,941
 resil,941
 virus,941
ensions,941
Listener,941
 otherwise,940
pliers,940
 gram,940
 oblig,940
 shocked,940
 shame,940
Ne,940
 astr,940
pha,940
 relação,939
 Leg,939
 socied,939
getto,939
getElementById,939
 syst,939
" ,",939
izada,938
 Optim,938
 integral,938
iture,938
most,938
uffer,938
oom,938
أ,937
uros,937
ذ,936
 neighborhood,936
 staying,936
 resumen,936
"
    const",936
 subjects,936
 Instagram,936
 aer,935
ω,935
nel,935
 тех,935
 là,935
 defend,935
 proc,935
 моде,935
idi,935
彼,935
 Dat,934
resses,934
 technological,934
Е,934
мет,934
さ,934
"
Al",934
ype,934
 Every,934
iller,933
phenyl,933
azi,933
ferent,933
 desirable,933
 Remove,932
 resolver,932
 Title,932
ames,932
 dissol,932
 football,932
lambda,932
ika,932
 elle,932
 minute,932
 AR,932
 ME,931
 gib,931
eles,931
rong,931
 diabetes,931
 Pay,931
 lies,930
 unw,930
>>,930
 wrapped,929
 coast,929
 fake,929
ält,929
 시,929
lior,929
 brow,928
 contrad,928
 pier,928
 subtract,928
asa,928
 объ,928
"}"")",928
 wy,928
	12,928
 «,927
 administr,927
dat,927
 closing,927
 ju,926
 Menschen,926
 Function,926
 mó,925
 trabajo,925
 bio,925
 mie,925
 greet,925
 nov,925
 joint,925
	34,925
hou,924
 ö,924
 African,924
 recently,924
tri,924
ческих,924
_with,924
ohn,924
osh,924
 storm,923
 excess,923
opher,923
enschaft,923
 expos,923
 receiving,923
57,923
icit,922
anta,922
rious,922
 basics,922
 falls,922
_length,922
 birthday,922
 pretty,921
дет,921
 será,921
 acqu,921
 meng,921
"

assistant",921
igned,920
 intens,920
 meu,920
enta,920
IST,920
Ph,920
uing,920
white,920
プ,920
 wid,919
stellen,919
ERT,919
 Bank,919
 artists,918
 trigger,918
 информации,918
 thoroughly,918
<0xE5>,918
 dent,918
 popularity,918
 tras,918
edia,918
 Phot,918
              ,918
halten,917
aza,917
ears,917
73,917
 quantity,917
"
NAME_3",917
h2,917
rink,916
 snow,916
 Natural,916
 anterior,916
 понима,916
 essay,916
hav,916
 Road,916
 Ma,915
lev,915
ân,915
 guy,915
 labeled,914
_NAME_1,914
job,914
more,913
 phys,913
 cryptocurrency,913
800,913
 ast,913
 matching,913
 dynamics,913
 Blue,913
irk,913
"""></",913
 television,912
sequ,912
 assume,912
 flowing,912
Att,912
 следующи,912
DI,911
isto,911
 vert,911
рав,911
_input,911
보,910
 crow,910
 deals,910
uture,910
 estos,910
 temps,910
 ow,910
 Chall,910
13b,910
pdf,909
 Ü,909
 taxes,909
" 
    ",909
azz,909
orse,909
зации,908
aml,908
 prend,908
 Ill,908
 Git,908
ovo,908
kin,908
ั,908
 competitors,908
_price,908
 disrespectful,907
 jud,907
 sty,907
 instit,907
"
U",907
EX,907
 scent,907
 apartment,907
ork,906
 emphasize,906
aix,906
 flying,906
 reasoning,906
 Prim,906
 positioned,905
стоя,905
 الع,905
 tired,905
 edit,905
cast,904
 inteligencia,904
 кла,904
 flav,904
 socket,904
 ش,904
rut,904
vest,904
 ske,904
ede,903
09,903
лі,903
 updating,903
_ex,903
ritt,903
 siguiente,903
